Course Name,Course Code,Component,Major,Room,Day,Start Time,End Time,Seats,Faculty,L/T/P Hour,Open as UWE,Type,Class Notes
Explorations in 2D,ART210,LEC1,UWE,,T,4:00 PM,6:00 PM,25,"Anupam  Roy[20501650],
",2,YES,,
Explorations in 2D,ART210,PRAC1,UWE,B004,Th,4:00 PM,6:00 PM,25,"Anupam  Roy[20501650],
",2,YES,,
Film and the Moving Image,ART651,LEC1,UWE,,T,2:00 PM,4:00 PM,30,"Iram  Ghufran[20501623],
",2,YES,,
Film and the Moving Image,ART651,PRAC1,UWE,B004,Th,2:00 PM,4:00 PM,30,"Iram  Ghufran[20501623],
",2,YES,,
Plant Sciences,BIO107,LEC1,BIO1YR,,TThF,10:00 AM,11:00 AM,35,"Rohini  Garg[20500633],
",3,NO,,
Plant Sciences,BIO107,PRAC1,BIO1YR,B312,F,2:00 PM,5:00 PM,35,"Rohini  Garg[20500633],
",3,NO,,
Essentials of Biology,BIO113,LEC1,CHY1YR,,MW,11:00 AM,12:00 PM,40,"Sri Krishna Jayadev Magani[20500054],
",2,YES,,
Essentials of Biology,BIO113,PRAC1,CHY1YR,B312,Th,2:00 PM,5:00 PM,40,"Sri Krishna Jayadev Magani[20500054],
",3,YES,,
Basic Probability & Statistics,BIO114,LEC1,BIO1YR,,MWF,5:00 PM,6:00 PM,35,"Neelesh Naresh Dahanukar[20501487],
",3,NO,,
Basic Probability & Statistics,BIO114,TUT1,BIO1YR,,W,1:00 PM,2:00 PM,35,"Neelesh Naresh Dahanukar[20501487],
",1,NO,,
Bioanalytical Techniques,BIO205,LEC1,BIO2YR CHY3YR,,MW,11:00 AM,12:00 PM,30,"Naga Suresh Veerapu[20500209],
",2,YES,,
Bioanalytical Techniques,BIO205,PRAC1,BIO2YR CHY3YR,B312,M,2:00 PM,5:00 PM,30,"Naga Suresh Veerapu[20500209],
",3,YES,,
Fundamentals of Molecular Bio,BIO206,LEC1,BIO2YR,,TTh,9:00 AM,10:00 AM,30,"Richa  Priyadarshini[20500150],
",2,YES,,
Fundamentals of Molecular Bio,BIO206,PRAC1,BIO2YR,B308,W,2:00 PM,5:00 PM,30,"Richa  Priyadarshini[20500150],
",3,YES,,
Immunology,BIO207,LEC1,BIO2YR,,TTh,10:00 AM,11:00 AM,30,"Sri Krishna Jayadev Magani[20500054],
",2,YES,,
Immunology,BIO207,PRAC1,BIO2YR,B312,F,9:00 AM,12:00 PM,30,"Sri Krishna Jayadev Magani[20500054],
",3,YES,,
Bioinformatics,BIO208,LEC1,BIO2YR,,MW,9:30 AM,10:30 AM,30,"Ashutosh  Singh[20500053],
",2,YES,,
Bioinformatics,BIO208,PRAC1,BIO2YR,A313,F,2:00 PM,5:00 PM,30,"Ashutosh  Singh[20500053],
",3,YES,,
"Genomics, Proteomics & Sys Bio",BIO305,LEC1,BIO3YR,,TTh,2:00 PM,3:00 PM,30,"Puli Chandramouli Reddy[20501494],
Rajan  Vyas[20501250],
",2,YES,,
"Genomics, Proteomics & Sys Bio",BIO305,PRAC1,BIO3YR,B312,W,2:00 PM,5:00 PM,30,"Puli Chandramouli Reddy[20501494],
Rajan  Vyas[20501250],
",3,YES,,
"IPR, Patent Laws & Bioethics",BIO307,LEC1,BIO3YR,,MW,11:00 AM,12:00 PM,35,,3,YES,,
"IPR, Patent Laws & Bioethics",BIO307,LEC1,BIO3YR,,T,1:00 PM,2:00 PM,35,,3,YES,,
Cancer Biology,BIO309,LEC1,BIO3YR,,TThF,10:00 AM,11:00 AM,20,"Anindita  Chakrabarty[20500316],
",3,YES,Major Elective,
Neuroscience and Cognition,BIO322,LEC1,BIO3YR,,TThF,8:00 AM,9:00 AM,30,"Prasun Kumar Roy[20501577],
Sachin Suhas Deshmukh[20501643],
",3,YES,Major Elective,
Epigenetics,BIO323,LEC1,BIO3YR,,MWF,1:00 PM,2:00 PM,30,"Sanjeev Anant Galande[20501434],
Ashish  Gupta[20500190],
",3,YES,Major Elective,
Developmental Biology,BIO326,LEC1,BIO3YR,,MW,9:30 AM,10:30 AM,30,"Puli Chandramouli Reddy[20501494],
Geetanjali  Chawla[20501652],
",3,YES,,
Developmental Biology,BIO326,PRAC1,BIO3YR,B314,M,2:00 PM,5:00 PM,30,"Geetanjali  Chawla[20501652],
Puli Chandramouli Reddy[20501494],
",3,YES,,
Host-Pathogen Interactions....,BIO327,LEC1,BIO3YR,,TThF,9:00 AM,10:00 AM,30,"Soumya  Pati[20500398],
",3,YES,Major Elective,
Medical Microbiology,BIO328,LEC1,BIO3YR,,TThF,10:00 AM,11:00 AM,30,"Richa  Priyadarshini[20500150],
Koyeli  Mapa[20500426],
",3,YES,Major Elective,
Systems Biology in Drug Disc..,BIO329,LEC1,BIO3YR,,MWF,5:00 PM,6:00 PM,30,"Sanjeev Anant Galande[20501434],
",3,YES,Major Elective,
Project Dissertation,BIO403,PRAC1,BIO4YR,B316,,,,20,"Neelesh Naresh Dahanukar[20501487],
",30,NO,,
Objects and Histories,CCC222,LEC1,CCC,,TThF,11:00 AM,12:00 PM,40,"Sudeshna  Guha[20500519],
",3,,,
Whose Child is it Anyway? The Global Politics of Childhood,CCC249,LEC1,CCC,,TTh,11:00 AM,12:30 PM,60,Divya Kannan,3,,,
Conspiracy Theories: History’s Wicked Twin,CCC250,LEC1,CCC,,TThF,11:00 AM,12:00 PM,60,,3,,,
Genetic Engg. - Jrny of Life,CCC402,LEC1,CCC,,TThF,11:00 AM,12:00 PM,120,"Deepak  Sehgal[20500085],
",3,,,
Chemistry in our Life,CCC407,LEC1,CCC,,TThF,11:00 AM,12:00 PM,60,"Nidhi  Malhotra[20501761],
",3,,,
Science of Drug Addiction and,CCC416,LEC1,CCC,,TThF,11:00 AM,12:00 PM,120,"Naga Suresh Veerapu[20500209],
",3,,,
"Cancer,a Deadly Disease.......",CCC419,LEC1,CCC,,TThF,11:00 AM,12:00 PM,50,"Anindita  Chakrabarty[20500316],
",3,,,
Evolution of life,CCC423,LEC1,CCC,,TTh,11:00 AM,12:30 PM,60,"Kshatresh Dutta Dubey[20501539],
",3,,,
General Biochemistry..........,CCC441,LEC1,CCC,,TThF,11:00 AM,12:00 PM,60,"Animesh  Samanta[20501079],
",3,,,
Patterns and Universality.....,CCC443,LEC1,CCC,,TThF,11:00 AM,12:00 PM,60,"Santosh  Kumar[20500193],
",3,,,
Brain Sciences and Cognition,CCC512,LEC1,CCC,,TThF,11:00 AM,12:00 PM,50,"Prasun Kumar Roy[20501577],
Soumya  Pati[20500398],
",3,,,
Introduction to Robotics,CCC515,LEC1,CCC,,TThF,11:00 AM,12:00 PM,60,"Aakash Kishore Sinha[20500738],
",3,,,
A Gentle Intro. to Python,CCC634,LEC1,CCC,,TTh,11:00 AM,12:30 PM,60,"Pooja  Singh[20501291],
",3,YES,,
Logic and Reasoning,CCC639,LEC1,CCC,,TThF,11:00 AM,12:00 PM,60,"Dipti  Dubey[20501196],
",3,,,
"Atoms,molecules & interactions",CCC682,LEC1,CCCC,,TTh,11:00 AM,12:30 PM,60,"Swaminath  Bharadwaj Gourishankar[20501653],
",3,,,
A beginner's guide to Nuclear,CCC684,LEC1,CCC,,TThF,11:00 AM,12:00 PM,60,"Sujit Kashinath Tandel[20501802],
",3,,,
Hazardous Waste Management,CCC720,LEC1,CCC,,TTh,11:00 AM,12:30 PM,100,"Sailesh Narayan Behera[20500422],
",3,,,
Media and Climate Change,CCC721,LEC1,CCC,,TTh,11:00 AM,12:30 PM,60,Bahar Dutt,3,,,
History of Engrg. Sciences,CCC724,LEC1,CCC,,TTh,11:00 AM,12:30 PM,60,"Gurmail Singh Benipal[20501488],
",3,,,
The Art of Numbers,CCC801,LEC1,CCC,,TTh,11:00 AM,12:30 PM,50,"Neha  Gupta[20500087],
",3,,,
Analysis & Bus. Modelling,CCC805,LEC1,CCC,,TTh,11:00 AM,12:30 PM,50,"Charu  Sharma[20500010],
",3,,,
Engineering Mechanics,CED101,LEC1,CED1YR,,TTh,2:00 PM,3:30 PM,40,"Gyan  Vikash[20500145],
",3,YES,,
Engineering Mechanics,CED101,TUT1,CED1YR,,W,1:00 PM,2:00 PM,40,"Gyan  Vikash[20500145],
",1,YES,,
Engineering Hydrology,CED203,LEC1,CED2YR,,MW,11:00 AM,12:00 PM,30,"Gopal Das Singhal[20500079],
",2,YES,,
Hydraulic Engineering,CED207,LEC1,CED2YR,,TTh,10:00 AM,11:00 AM,30,"Ellora  Padhi[20501403],
",2,YES,,
Hydraulic Engineering,CED207,PRAC1,CED2YR,C009,M,3:00 PM,5:00 PM,30,"Gopal Das Singhal[20500079],
",2,YES,,
Intro. to Bldg Info. Modelling,CED213,LEC1,CED3YR CED4YR,,MW,9:30 AM,11:00 AM,30,"Ellora  Padhi[20501403],
",3,NO,Major Elective,
Risk and Reliability Analysis,CED218,LEC1,CED2YR,,TThF,8:00 AM,9:00 AM,30,"Manoj Kumar Singh[20501585],
",3,NO,,
Concrete Technology,CED219,LEC1,CED2YR,,MW,9:30 AM,10:30 AM,30,"Sumedha  Moharana[20500215],
",2,YES,,
Concrete Technology,CED219,PRAC1,CED2YR,C006,W,3:00 PM,5:00 PM,30,"Sumedha  Moharana[20500215],
",2,YES,,
Structural Analysis,CED220,LEC1,CED2YR,,TThF,9:00 AM,10:00 AM,30,"Ghanshyam  Pal[20500891],
",3,NO,,
Foundation Engg. & Design,CED306,LEC1,CED3YR,,TTh,2:00 PM,3:30 PM,30,"Jagabandhu  Dixit[20500135],
",3,NO,,
Environmental Engineering,CED308,LEC1,CED3YR,,TTh,3:30 PM,5:00 PM,60,"Susant Kumar Padhi[20501001],
",3,YES,,
Environmental Engineering,CED308,PRAC1,CED3YR,C017,M,3:00 PM,5:00 PM,60,"Susant Kumar Padhi[20501001],
",2,YES,,
Transportation Engineering II,CED309,LEC1,CED3YR CED4YR,,MW,9:30 AM,11:00 AM,30,"Shalini  Rankavat[20501010],
",3,NO,Major Elective,
Remote Sensing and GIS,CED310,LEC1,CED3YR CED4YR,,TTh,9:00 AM,10:00 AM,30,"Hitesh  Upreti[20501296],
",2,NO,Major Elective,
Remote Sensing and GIS,CED310,PRAC1,CED3YR CED4YR,C116,W,3:00 PM,5:00 PM,30,"Hitesh  Upreti[20501296],
",2,NO,Major Elective,
Design of Steel Structures,CED401,LEC1,CED3YR,,MW,8:00 AM,9:30 AM,30,"Atri  Nath[20501588],
",3,NO,,
Introduction to Chemical & Bio,CHD111,LEC1,CHD1YR,,TTh,9:00 AM,10:00 AM,30,"Rajendra Prasad Chhabra[20501592],
",2,YES,,
Introduction to Chemical & Bio,CHD111,TUT1,CHD1YR,,F,9:00 AM,10:00 AM,30,"Rajendra Prasad Chhabra[20501592],
",1,YES,,
Industrial and Engg. Chemistry,CHD223,LEC1,CHD2YR,,TThF,9:00 AM,10:00 AM,30,"Ranjit  Kumar[20501593],
",3,NO,,
Chemical Reaction Engg. I,CHD225,LEC1,CHD2YR,,MW,8:00 AM,9:30 AM,30,"Sanjay  Krishna[20501646],
",3,YES,,
Heat Transfer,CHD226,LEC1,CHD2YR,,TThF,10:00 AM,11:00 AM,30,"BHALAJI M[2110121069],
V.M  Rajesh[20500329],
Sanjay  Krishna[20501646],
",3,YES,,
Mechanical Operations,CHD227,LEC1,CHD2YR,,MW,9:30 AM,11:00 AM,30,"SOURODIPTO MODAK[2010120919],
Priyanka  .[20501347],
",3,NO,,
Numerical Methods,CHD262,LEC1,CHD2YR,,TTh,2:00 PM,3:30 PM,30,"GARIMA HIREKAR[2110121130],
APPURVA TIWARI[2010120803],
Ashish Kumar Thokchom[20501203],
",3,NO,Major Elective,
Chemical Engg. Laboratory - II,CHD323,PRAC1,CHD31,B316,MW,1:00 PM,3:00 PM,15,"Priyanka  .[20501347],
SOURODIPTO MODAK[2010120919],
",4,NO,,
Chemical Engg. Laboratory - II,CHD323,PRAC2,CHD32,B316,MW,3:00 PM,5:00 PM,15,"Sanjeev  Yadav[20500213],
AAYUSH RAIZADA[2010120777],
",4,NO,,
Mass Transfer-II,CHD327,LEC1,CHD3YR,,TTh,2:00 PM,3:30 PM,30,"BHALAJI M[2110121069],
V.M  Rajesh[20500329],
",3,NO,,
Transport Phenomenon,CHD328,LEC1,CHD3YR,,MW,8:00 AM,9:30 AM,30,"SONAL MAHESHWARI[2210120806],
Karan  Gupta[20500945],
",3,NO,,
Biomass Conversion to Bioenerg,CHD329,LEC1,CHD3YR,,TTh,9:00 AM,10:00 AM,30,"Sanjeev  Yadav[20500213],
SURYA DE[2210120998],
AAYUSH RAIZADA[2010120777],
",2,NO,,
Biomass Conversion to Bioenerg,CHD329,PRAC1,CHD3YR,B308,F,1:00 PM,3:00 PM,30,"Sanjeev  Yadav[20500213],
SURYA DE[2210120998],
AAYUSH RAIZADA[2010120777],
",2,NO,,
Mod. & Sim. of Chem. Engg. Sys,CHD384,LEC1,CHD3YR,,MW,9:30 AM,11:00 AM,30,"NABILA TABASSUM[2110121077],
MANSINGH YADAV[2210120990],
Yamini Sudha Sistla[20500907],
",3,NO,,
Chemical Technology,CHD413,LEC1,CHD4YR,,MW,3:00 PM,4:30 PM,30,"Ranjit  Kumar[20501593],
APPURVA TIWARI[2010120803],
GARIMA HIREKAR[2110121130],
Ashish Kumar Thokchom[20501203],
",3,NO,,
Process Equipment Design,CHD415,LEC1,CHD4YR,,MW,9:30 AM,11:00 AM,30,"Swaminath  Bharadwaj Gourishankar[20501653],
",3,NO,,
Mathematics For Chemists-II,CHY104,LEC1,CHY1YR,,TThF,8:00 AM,9:00 AM,20,"Naiwrit  Karmodak[20501631],
",3,NO,,
Mathematics For Chemists-II,CHY104,TUT1,CHY1YR,,F,1:00 PM,2:00 PM,20,"Naiwrit  Karmodak[20501631],
",1,NO,,
Molecular modelling,CHY114,LEC1,CHY1YR,,T,1:00 PM,2:00 PM,30,"Kshatresh Dutta Dubey[20501539],
",1,YES,,
Molecular modelling,CHY114,PRAC1,CHY1YR,D114,F,3:00 PM,5:00 PM,30,"Kshatresh Dutta Dubey[20501539],
",2,YES,,
Basic Organic Chemistry I,CHY122,LEC1,CHY1YR,,MW,9:30 AM,10:30 AM,30,"Santanu  Ghosh[20501662],
",2,YES,,
Basic Organic Chemistry I,CHY122,TUT1,CHY1YR,,F,2:00 PM,3:00 PM,30,"Santanu  Ghosh[20501662],
",1,YES,,
Basic Organic Chemistry I,CHY122,PRAC1,CHY1YR,B212,M,2:00 PM,5:00 PM,30,"Bimlesh  Lochab[20500076],
",3,YES,,
Inorganic Chemistry-I,CHY144,LEC1,CHY1YR,,TThF,9:00 AM,10:00 AM,25,"Basab Bijayi Dhar[20500431],
",3,YES,,
Inorganic Chemistry-I,CHY144,PRAC1,CHY1YR,B214,T,2:00 PM,5:00 PM,25,"Basab Bijayi Dhar[20500431],
",3,YES,,
Chemical Apps. of Group Theory,CHY212,LEC1,CHY2YR,,TThF,8:00 AM,9:00 AM,20,"Biswajit  Guchhait[20501118],
",3,YES,,
Modelling chemical reactions,CHY216,LEC1,CHY2YR,,MW,9:30 AM,10:30 AM,15,"Kshatresh Dutta Dubey[20501539],
",2,YES,,
Modelling chemical reactions,CHY216,TUT1,CHY2YR,,M,2:00 PM,3:00 PM,15,"Kshatresh Dutta Dubey[20501539],
",1,YES,,
Chemistry of Carbonyl Compound,CHY222,LEC1,CHY2YR,,MW,11:00 AM,12:00 AM,20,"Ajoy  Kapat[20501102],
",2,YES,,
Chemistry of Carbonyl Compound,CHY222,TUT1,CHY2YR,,M,3:00 PM,4:00 PM,20,"Ajoy  Kapat[20501102],
",1,YES,,
Chemistry of Carbonyl Compound,CHY222,PRAC1,CHY2YR,B212,W,2:00 PM,5:00 PM,20,"Ajoy  Kapat[20501102],
",3,YES,,
Fundamentals of Protein Chem..,CHY226,LEC1,CHY2YR,,TThF,9:00 AM,10:00 AM,15,"Tatini  Rakshit[20501510],
",3,YES,,
Fundamentals of Protein Chem..,CHY226,TUT1,CHY2YR,,M,4:00 PM,5:00 PM,15,"Tatini  Rakshit[20501510],
",1,YES,,
Coordination Chemistry,CHY242,LEC1,CHY2YR,,TThF,10:00 AM,11:00 AM,20,"Debdas  Ray[20500191],
",3,YES,,
Coordination Chemistry,CHY242,PRAC1,CHY2YR,B214,F,2:00 PM,5:00 PM,20,"Debdas  Ray[20500191],
",3,YES,,
Named Organic Reactions & Mech,CHY321,LEC1,CHY3YR,,TTh,2:00 PM,3:00 PM,20,"Subhabrata  Sen[20501107],
",2,YES,Major Elective,
Heterocyclic chemistry,CHY322,LEC1,CHY3YR,,TThF,9:00 AM,10:00 AM,20,"Subhabrata  Sen[20501107],
",3,YES,Major Elective,
Chemistry of Solids & Surfaces,CHY342,LEC1,CHY3YR,,TThF,10:00 AM,11:00 AM,20,"Bimlesh  Lochab[20500076],
Santosh Kumar Singh[20501509],
Parthapratim  Munshi[20500205],
",3,YES,Major Elective,
Advanced Bio-inorganic chemist,CHY348,LEC1,CHY3YR,,TThF,8:00 AM,9:00 AM,20,"Basab Bijayi Dhar[20500431],
",3,YES,Major Elective,
Advanced Biochemistry,CHY352,LEC1,CHY3YR,,MWF,5:00 PM,6:00 PM,20,"Animesh  Samanta[20501079],
",3,NO,Major Elective,
Medicinal chem.of organic mol.,CHY424,LEC1,UWE,,TThF,10:00 AM,11:00 AM,20,"Subhabrata  Sen[20501107],
",3,YES,,
Nanotechnology & nanomaterias,CHY444,LEC1,UWE,,TTh,3:30 PM,5:00 PM,25,"Santosh Kumar Singh[20501509],
",3,YES,,
Food Chemistry,CHY456,LEC1,UWE,,MWF,5:00 PM,6:00 PM,25,"Tatini  Rakshit[20501510],
",3,YES,,
Senior Project,CHY498,PRAC1,CHY4YR,,,,,7,,6,NO,,
Informatics and Drug Discovery,CHY522,LEC1,UWE,,TTh,9:00 AM,10:00 AM,20,"Nidhi  Malhotra[20501761],
",2,YES,,
Informatics and Drug Discovery,CHY522,PRAC1,UWE,D114,W,3:00 PM,5:00 PM,20,"Nidhi  Malhotra[20501761],
",2,YES,,
Supramolecular Chem.,CHY542,LEC1,UWE,,TThF,8:00 AM,9:00 AM,15,"Bappaditya  Gole[20501351],
",3,YES,,
Frontiers in Inorganic Chemist,CHY548,LEC1,UWE,,TTh,2:00 PM,3:30 PM,15,"Bappaditya  Gole[20501351],
",3,YES,,
Frontiers in Inorganic Chemist,CHY548,PRAC1,UWE,B208,F,2:00 PM,5:00 PM,15,"Bappaditya  Gole[20501351],
",3,YES,,
Interpreting Cinema,COM192,LEC1,UWE,B004,T,2:00 PM,4:00 PM,30,"Ashwin  Ramanathan[20500228],
",2,YES,,Department Consent
Interpreting Cinema,COM192,TUT1,UWE,B004,Th,2:00 PM,4:00 PM,30,"Ashwin  Ramanathan[20500228],
",2,YES,,Department Consent
Editing & Post Production,COM197,LEC1,UWE,,T,4:00 PM,6:00 PM,16,"Ashwin  Ramanathan[20500228],
",2,YES,,Department Consent
Editing & Post Production,COM197,PRAC1,UWE,B004,Th,4:00 PM,6:00 PM,16,"Ashwin  Ramanathan[20500228],
",2,YES,,Department Consent
Image and Sound Studio,COM199,LEC1,UWE,,T,2:00 PM,3:00 PM,30,,1,YES,,Department Consent
Image and Sound Studio,COM199,TUT1,UWE,,T,3:00 PM,4:00 PM,30,,1,YES,,Department Consent
Image and Sound Studio,COM199,PRAC1,UWE,B004,Th,2:00 PM,4:00 PM,30,,2,YES,,Department Consent
Intro. to Computing and Prog.,CSD101,LEC1,CHD1YR CED1YR MED1YR ECO2YR ECO3YR,,MW,8:00 AM,9:30 AM,170,"Snehasis  Mukherjee[20501281],
",3,YES,,
Intro. to Computing and Prog.,CSD101,PRAC1,CHD1YR CED1YR,D317,M,1:00 PM,3:00 PM,60,"Snehasis  Mukherjee[20501281],
",2,YES,,
Intro. to Computing and Prog.,CSD101,PRAC2,MED1YR,D317,F,1:00 PM,3:00 PM,55,"Snehasis  Mukherjee[20501281],
",2,YES,,
Intro. to Computing and Prog.,CSD101,PRAC3,ECO2YR ECO3YR,D313,F,3:00 PM,5:00 PM,76,"Snehasis  Mukherjee[20501281],
",2,YES,,
Data Structures,CSD102,LEC1,CSD11 CSD12 CSD13 CSD14,,TThF,9:00 AM,10:00 AM,150,"Simple  .[20500397],
",3,YES,,
Data Structures,CSD102,PRAC1,CSD11 CSD12,D313,M,11:00 AM,1:00 PM,75,"Simple  .[20500397],
",2,YES,,
Data Structures,CSD102,PRAC2,CSD13 CSD14,D313,W,1:00 PM,3:00 PM,75,"Simple  .[20500397],
",2,YES,,
Intro. To Database Systems,CSD202,LEC1,CSD2YR,,MW,9:30 AM,11:00 AM,130,"Sonia  Khetarpaul[20500730],
",3,YES,,
Intro. To Database Systems,CSD202,PRAC1,CSD21 CSD22,D313,M,1:00 PM,3:00 PM,72,"Sonia  Khetarpaul[20500730],
",2,YES,,
Intro. To Database Systems,CSD202,PRAC2,CSD23,D317,W,1:00 PM,3:00 PM,58,"Sonia  Khetarpaul[20500730],
",2,YES,,
Operating Systems,CSD204,LEC1,CSD21 CSD22 CSD23,,TThF,9:00 AM,10:00 AM,130,"Simple  .[20500397],
",3,YES,,
Operating Systems,CSD204,PRAC1,CSD21 CSD22,D313,M,3:00 PM,5:00 PM,72,"Simple  .[20500397],
",2,YES,,
Operating Systems,CSD204,PRAC2,CSD23,D317,W,3:00 PM,5:00 PM,58,"Simple  .[20500397],
",2,YES,,
Intro. to Prob. & Statistics,CSD210,LEC1,CSD21 CSD22 CSD23,,TThF,10:00 AM,11:00 AM,120,"Nitin  Kumar[20501744],
",3,YES,,
Intro. to Prob. & Statistics,CSD210,TUT1,CSD21,,W,1:00 PM,2:00 PM,40,"Nitin  Kumar[20501744],
",1,YES,,
Intro. to Prob. & Statistics,CSD210,TUT2,CSD22,,W,2:00 PM,3:00 PM,40,"Nitin  Kumar[20501744],
",1,YES,,
Intro. to Prob. & Statistics,CSD210,TUT3,CSD23,,M,4:00 PM,5:00 PM,40,"Nitin  Kumar[20501744],
",1,YES,,
Digital Image Processing,CSD212,LEC1,CSD21 CSD22 CSD23,,TThF,8:00 AM,9:00 AM,110,"Saurabh Janardan Shigwan[20501375],
",3,NO,,
Digital Image Processing,CSD212,PRAC1,CSD21 CSD22,D313,F,1:00 PM,3:00 PM,72,"Saurabh Janardan Shigwan[20501375],
",2,NO,,
Digital Image Processing,CSD212,PRAC2,CSD23,D317,F,3:00 PM,5:00 PM,36,"Saurabh Janardan Shigwan[20501375],
",2,NO,,
Computer Networks,CSD304,LEC1,CSD31 CSD32,,MW,8:00 AM,9:30 AM,140,"Shankar Kumar Ghosh[20501606],
",3,YES,,
Computer Networks,CSD304,PRAC1,CSD31,D313,W,3:00 PM,5:00 PM,80,"Shankar Kumar Ghosh[20501606],
",2,YES,,
Computer Networks,CSD304,PRAC2,CSD32,D317,M,3:00 PM,5:00 PM,60,"Shankar Kumar Ghosh[20501606],
",2,YES,,
Software Engineering,CSD326,LEC1,CSD31 CSD32,,TThF,10:00 AM,11:00 AM,160,"Pooja  Singh[20501291],
",3,YES,,
Software Engineering,CSD326,PRAC1,CSD31,C309,M,3:00 PM,5:00 PM,80,"Pooja  Singh[20501291],
",2,YES,,
Software Engineering,CSD326,PRAC2,CSD32,C309,W,3:00 PM,5:00 PM,80,"Pooja  Singh[20501291],
",2,YES,,
Theory of Computation,CSD334,LEC1,CSD31 CSD32,,MW,9:30 AM,11:00 AM,130,"Rajeev Kumar Singh[20500026],
",3,NO,,
Natural Language Processing,CSD350,LEC1,CSD31 CSD32,Online,MW,11:00 AM,12:00 PM,50,"Harish  Karnick[20501378],
",2,NO,Major Elective,
Natural Language Processing,CSD350,PRAC1,CSD31 CSD32,C309,F,3:00 PM,5:00 PM,50,"Harish  Karnick[20501378],
",2,NO,,
Foundation of Info. Security,CSD356,LEC1,CSD31 CSD32,,TThF,8:00 AM,9:00 AM,40,"Sweta  Mishra[20501119],
",3,NO,Major Elective,
Social & Information Networks,CSD363,LEC1,CSD31 CSD32,,TTh,9:00 AM,10:00 AM,40,"Dolly  Sharma[20500428],
",2,NO,Major Elective,
Social & Information Networks,CSD363,PRAC1,CSD31 CSD32,C309,F,1:00 PM,3:00 PM,40,"Dolly  Sharma[20500428],
",2,NO,Major Elective,
Special Topics in Systems,CSD483,LEC1,CSD31 CSD32,,TTh,3:30 PM,5:00 PM,40,"Sheel Sindhu Manohar[20501603],
",3,NO,Major Elective,
Spl. Topics in Theoretical....,CSD484,LEC1,CSD31 CSD32,,TTh,2:00 PM,3:30 PM,40,"Sandeep  Sen[20501078],
",3,NO,Major Elective,
"Human Behaviour, Psychology...",DES107,LEC1,DES1YR,,TTh,9:00 AM,10:00 AM,30,"Subhajit  Chandra[20500916],
",2,NO,,
"Human Behaviour, Psychology...",DES107,PRAC1,DES1YR,B003,F,9:00 PM,11:00 PM,30,"Subhajit  Chandra[20500916],
",2,NO,,
Visual Communication - 1,DES108,LEC1,DES1YR,,T,10:00 AM,11:00 AM,30,"Snigdha  Banerjee[20501668],
",1,NO,,
Visual Communication - 1,DES108,PRAC1,DES1YR,B003,M,9:00 AM,3:00 PM,30,"Snigdha  Banerjee[20501668],
",6,NO,,
Human-Centred Design Methods,DES109,LEC1,DES1YR,,MW,4:00 PM,5:00 PM,30,"Vikash  Kumar[20500361],
",2,NO,,
Human-Centred Design Methods,DES109,PRAC1,DES1YR,B003,F,1:00 PM,5:00 PM,30,"Vikash  Kumar[20500361],
",4,NO,,
Design with Software,DES110,LEC1,DES1YR,,Th,10:00 AM,11:00 AM,30,"Subhajit  Chandra[20500916],
",1,NO,,
Design with Software,DES110,PRAC1,DES1YR,B003,W,9:00 AM,3:00 PM,30,"Subhajit  Chandra[20500916],
",6,NO,,
Introduction to Product Design,DES111,LEC1,UWE,,TTh,2:00 PM,3:00 PM,60,"Prakash  Kumar[20500290],
",2,YES,,Department Consent
Introduction to Product Design,DES111,PRAC1,UWE,B003,,,,30,"Prakash  Kumar[20500290],
",4,YES,,Department Consent
Introduction to Product Design,DES111,PRAC2,UWE,B003,,,,30,"Prakash  Kumar[20500290],
",4,YES,,Department Consent
Intro. To Visual Communication,DES121,LEC1,UWE,,TTh,4:00 PM,5:00 PM,30,"Snigdha  Banerjee[20501668],
",2,YES,,Department Consent
Intro. To Visual Communication,DES121,PRAC1,UWE,B003,,,,30,"Snigdha  Banerjee[20501668],
",4,YES,,Department Consent
Dance and National Identity,DNC100,PRAC1,UWE,B015,TTh,2:00 PM,4:00 PM,30,"Aadya  Kaktikar[20500164],
",4,YES,,
Writing Bodies,DNC101,LEC1,UWE,B015,TTh,4:00 PM,6:00 PM,30,"Amrithasruthi  Radhakrishnan[20501673],
",4,YES,,
Movement and Meaning,DNC310,PRAC1,UWE,B015,MW,5:00 PM,7:00 PM,30,"Amrithasruthi  Radhakrishnan[20501673],
",4,YES,,
Quant...Tech... in Business-II,DOM105,LEC1,BMS11,,TThF,10:00 AM,11:00 AM,70,"Satyam  Mukherjee[20501431],
",3,NO,,
Quant...Tech... in Business-II,DOM105,LEC2,BMS12,,TThF,10:00 AM,11:00 AM,70,"Surya Sarathi Majumdar[20500307],
",3,NO,,
Introduction to Python,DOM305,LEC1,BMS3YR BMS4YR,,TTh,3:30 PM,5:00 PM,60,"Satyam  Mukherjee[20501431],
",3,YES,,
Total Quality Management,DOM401,LEC1,BMS2YR BMS3YR BMS4YR,,S,11:00 AM,2:00 PM,80,"Ajit Kumar Saxena[20501804],
",3,YES,Major Elective,
Basics of Elec.& Elec.Circuits,ECE101,LEC1,CSD11 CSD12 CSD13 CSD14,,TThF,8:00 AM,9:00 AM,130,"Naveen Babu G[20500517],
",3,YES,,
Basics of Elec.& Elec.Circuits,ECE101,LEC2,MED11 MED12,,MW,11:00 AM,12:30 PM,50,"Amitabh  Chatterjee[20501205],
",3,YES,,
Basics of Elec.& Elec.Circuits,ECE101,PRAC1,CSD11,C201,W,1:00 PM,3:00 PM,33,"Aakash Kishore Sinha[20500738],
",2,YES,,
Basics of Elec.& Elec.Circuits,ECE101,PRAC2,CSD12,C201,F,3:00 PM,5:00 PM,33,"Jitendra  Prajapati[20501015],
",2,YES,,
Basics of Elec.& Elec.Circuits,ECE101,PRAC3,CSD13,C201,F,1:00 PM,3:00 PM,32,"Jitendra  Prajapati[20501015],
",2,YES,,
Basics of Elec.& Elec.Circuits,ECE101,PRAC4,CSD14,C201,W,3:00 PM,5:00 PM,32,"Sandeep Kumar Soni[20501733],
",2,YES,,
Basics of Elec.& Elec.Circuits,ECE101,PRAC5,MED11,C201,M,3:00 PM,5:00 PM,25,"Sandeep Kumar Soni[20501733],
",2,YES,,
Basics of Elec.& Elec.Circuits,ECE101,PRAC6,MED12,C201,M,1:00 PM,3:00 PM,25,"Naveen Babu G[20500517],
",2,YES,,
Basics of Elec.& Elec.Circuits,ECE101,TUT1,CSD11 CSD12,,F,2:00 PM,3:00 PM,66,"Naveen Babu G[20500517],
",1,YES,,
Basics of Elec.& Elec.Circuits,ECE101,TUT2,CSD13 CSD14,,F,3:00 PM,4:00 PM,64,"Amitabh  Chatterjee[20501205],
",1,YES,,
Basics of Elec.& Elec.Circuits,ECE101,TUT3,MED11 MED12,,F,4:00 PM,5:00 PM,50,"Amitabh  Chatterjee[20501205],
",1,YES,,
Semiconductor Devices,ECE102,LEC1,ECE11 ECE12 ECE13,,TThF,8:00 AM,9:00 AM,90,"Venkatnarayan  Hariharan[20501411],
",3,YES,,
Digital Electronics,ECE103,LEC1,ECE11 ECE12 ECE13,,TThF,9:00 AM,10:00 AM,90,"Upendra  Pandey[20501071],
",3,YES,,
Digital Electronics,ECE103,TUT1,ECE11 ECE12 ECE13,,F,4:00 PM,5:00 PM,30,"Upendra  Pandey[20501071],
",1,YES,,
Digital Electronics,ECE103,PRAC1,ECE11,C205,F,1:00 PM,3:00 PM,30,"Upendra  Pandey[20501071],
",2,YES,,
Digital Electronics,ECE103,PRAC2,ECE12,C205,M,1:00 PM,3:00 PM,30,"Aakash Kishore Sinha[20500738],
",2,YES,,
Digital Electronics,ECE103,PRAC3,ECE13,C205,M,3:00 PM,5:00 PM,30,"Aakash Kishore Sinha[20500738],
",2,YES,,
Analog Circuits,ECE204,LEC1,ECE21 ECE22 ECE23 ECE24,,MW,9:30 AM,11:00 AM,110,"Atul Vir Singh[20500082],
",3,YES,,
Analog Circuits,ECE204,PRAC1,ECE21,C205,F,1:00 PM,3:00 PM,28,"Atul Vir Singh[20500082],
",2,YES,,
Analog Circuits,ECE204,PRAC2,ECE22,C205,W,1:00 PM,3:00 PM,28,"Madhur Deo Upadhayay[20500212],
",2,YES,,
Analog Circuits,ECE204,PRAC3,ECE23,C205,W,3:00 PM,5:00 PM,27,"Madhur Deo Upadhayay[20500212],
",2,YES,,
Analog Circuits,ECE204,PRAC4,ECE24,C205,T,12:00 PM,2:00 PM,27,"Madhur Deo Upadhayay[20500212],
",2,YES,,
Electromagnetic Engineering,ECE205,LEC1,ECE21 ECE22 ECE23 ECE24,,TThF,9:00 AM,10:00 AM,110,"Amit  Bakshi[20500252],
",3,YES,,
Electromagnetic Engineering,ECE205,TUT1,ECE21 ECE22,,F,3:00 PM,4:00 PM,37,"Amit  Bakshi[20500252],
",1,YES,,
Electromagnetic Engineering,ECE205,TUT2,ECE23 ECE24,,F,4:00 PM,5:00 PM,37,"Amit  Bakshi[20500252],
",1,YES,,
Power Electronics and Machine,ECE206,LEC1,ECE21 ECE22 ECE23 ECE24,,TThF,10:00 AM,11:00 AM,110,"Dinkar  Prasad[20500201],
",3,YES,,
Power Electronics and Machine,ECE206,PRAC1,ECE21,C106,M,1:00 PM,3:00 PM,28,"Dinkar  Prasad[20500201],
",2,YES,,
Power Electronics and Machine,ECE206,PRAC2,ECE22,C106,M,3:00 PM,5:00 PM,28,"Dinkar  Prasad[20500201],
",2,YES,,
Power Electronics and Machine,ECE206,PRAC3,ECE23,C106,W,1:00 PM,3:00 PM,27,"Dinkar  Prasad[20500201],
",2,YES,,
Power Electronics and Machine,ECE206,PRAC4,ECE24,C106,W,3:00 PM,5:00 PM,27,"Dinkar  Prasad[20500201],
",2,YES,,
Principles of Communication...,ECE207,LEC1,ECE21 ECE22 ECE23 ECE24,,MW,11:00 AM,12:30 PM,110,"Kamal  Singh[20501547],
",3,YES,,
Principles of Communication...,ECE207,PRAC1,ECE21,C217,W,1:00 PM,3:00 PM,28,"Kamal  Singh[20501547],
",2,YES,,
Principles of Communication...,ECE207,PRAC2,ECE22,C217,W,3:00 PM,5:00 PM,28,"Kamal  Singh[20501547],
",2,YES,,
Principles of Communication...,ECE207,PRAC3,ECE23,C217,M,1:00 PM,3:00 PM,27,"Kamal  Singh[20501547],
",2,YES,,
Principles of Communication...,ECE207,PRAC3,ECE24,C217,M,3:00 PM,5:00 PM,27,"Kamal  Singh[20501547],
",2,YES,,
Detection and Estimation,ECE371,LEC1,EEE3YR ECE3YR EEE4YR ECE4YR,,TTh,3:30 PM,5:00 PM,60,"Govind  Sharma[20501765],
",3,YES,Major Elective,
Modern Control Systems,ECE372,LEC1,EEE3YR EEE4YR ECE3YR ECE4YR,,MWF,5:00 PM,6:00 PM,60,"Sandeep Kumar Soni[20501733],
",3,NO,Major Elective,
Modern Control Systems,ECE372,TUT1,EEE3YR EEE4YR ECE3YR ECE4YR,,Th,5:00 PM,6:00 PM,60,"Sandeep Kumar Soni[20501733],
",1,NO,Major Elective,
Principles of Microeconomics,ECO101,LEC1,UWE,,TTh,2:00 PM,3:30 PM,60,"Sapna  Sharma[20501769],
",3,YES,,
Principles of Microeconomics,ECO101,TUT1,UWE,,M,5:00 PM,6:00 PM,30,,1,YES,,
Principles of Microeconomics,ECO101,TUT2,UWE,,M,5:00 PM,6:00 PM,30,,1,YES,,
Principles of Macroeconomics,ECO102,LEC1,ECO1YR ENF1YR,,TTh,2:00 PM,3:30 PM,100,"Suchismita  Tarafdar[20500106],
",3,NO,,
Principles of Macroeconomics,ECO102,LEC2,UWE,,TTh,3:30 PM,5:00 PM,140,"Suchismita  Tarafdar[20500106],
",3,YES,,
Principles of Macroeconomics,ECO102,TUT1,ECO11,,F,5:00 PM,6:00 PM,23,,1,NO,,
Principles of Macroeconomics,ECO102,TUT2,ECO12,,F,5:00 PM,6:00 PM,22,,1,NO,,
Principles of Macroeconomics,ECO102,TUT3,ENF11,,W,6:00 PM,7:00 PM,27,"Suchismita  Tarafdar[20500106],
",1,NO,,
Principles of Macroeconomics,ECO102,TUT4,ENF12,,W,6:00 PM,7:00 PM,27,"Suchismita  Tarafdar[20500106],
",1,NO,,
Principles of Macroeconomics,ECO102,TUT5,UWE,,M,6:00 PM,7:00 PM,30,"Suchismita  Tarafdar[20500106],
",1,YES,,
Principles of Macroeconomics,ECO102,TUT6,UWE,,W,6:00 PM,7:00 PM,30,"Suchismita  Tarafdar[20500106],
",1,YES,,
Principles of Macroeconomics,ECO102,TUT7,UWE,,F,6:00 PM,7:00 PM,30,"Suchismita  Tarafdar[20500106],
",1,YES,,
Principles of Macroeconomics,ECO102,TUT8,UWE,,T,6:00 PM,7:00 PM,30,"Suchismita  Tarafdar[20500106],
",1,YES,,
Introductory Econometrics,ECO203,LEC1,ECO21 ENF21,,MW,1:00 PM,2:30 PM,60,"Shampa  Bhattacharjee[20500436],
",3,NO,,
Introductory Econometrics,ECO203,LEC2,ECO22 ENF22,,MW,3:30 PM,5:00 PM,60,"Shampa  Bhattacharjee[20500436],
",3,NO,,
Introductory Econometrics,ECO203,TUT1,ECO21,,M,5:00 PM,6:00 PM,30,"Shampa  Bhattacharjee[20500436],
",1,NO,,
Introductory Econometrics,ECO203,TUT2,ECO22,,M,5:00 PM,6:00 PM,30,"Shampa  Bhattacharjee[20500436],
",1,NO,,
Introductory Econometrics,ECO203,TUT3,ENF21,,M,5:00 PM,6:00 PM,30,"Shampa  Bhattacharjee[20500436],
",1,NO,,
Introductory Econometrics,ECO203,TUT4,ENF22,,W,5:00 PM,6:00 PM,30,"Shampa  Bhattacharjee[20500436],
",1,NO,,
Basic Data Anal.& Econometrics,ECO213,LEC1,UWE,,TTh,2:00 PM,3:30 PM,60,"Shabana  Mitra[20501444],
",3,YES,,
Basic Data Anal.& Econometrics,ECO213,TUT1,UWE,,F,5:00 PM,6:00 PM,30,"Shabana  Mitra[20501444],
",1,YES,,
Basic Data Anal.& Econometrics,ECO213,TUT2,UWE,,W,5:00 PM,6:00 PM,30,"Shabana  Mitra[20501444],
",1,YES,,
Intermediate Microeconomics,ECO301,LEC1,ECO11 ENF11,,MW,8:00 AM,9:30 AM,120,"Shraman  Banerjee[20501180]
",3,YES,,
Intermediate Microeconomics,ECO301,LEC2,ECO12 ENF12,,TTh,3:30 PM,5:00 PM,120,"Parul  Gupta[20501773],
",3,YES,,
Intermediate Microeconomics,ECO301,TUT1,ECO11,,M,6:00 PM,7:00 PM,30,"Parul  Gupta[20501773],
",1,YES,,
Intermediate Microeconomics,ECO301,TUT2,ECO12,,M,6:00 PM,7:00 PM,30,"Parul  Gupta[20501773],
",1,YES,,
Intermediate Microeconomics,ECO301,TUT3,ENF11,,F,5:00 PM,6:00 PM,30,"Parul  Gupta[20501773],
",1,YES,,
Intermediate Microeconomics,ECO301,TUT4,ENF12,,F,5:00 PM,6:00 PM,30,"Parul  Gupta[20501773],
",1,YES,,
Intermediate Microeconomics,ECO301,TUT5,UWE,,M,5:00 PM,6:00 PM,30,"Parul  Gupta[20501773],
",1,YES,,
Intermediate Microeconomics,ECO301,TUT6,UWE,,W,5:00 PM,6:00 PM,30,"Parul  Gupta[20501773],
",1,YES,,
Intermediate Microeconomics,ECO301,TUT7,UWE,,M,5:00 PM,6:00 PM,30,"Parul  Gupta[20501773],
",1,YES,,
Intermediate Microeconomics,ECO301,TUT8,UWE,,W,5:00 PM,6:00 PM,30,"Parul  Gupta[20501773],
",1,YES,,
Intro. Environmental Economics,ECO335,LEC1,ECO3YR ENF3YR,,TTh,3:30 PM,5:00 PM,60,"Ram  Ranjan[20501201],
",3,YES,Major Elective,
Intro. Environmental Economics,ECO335,TUT1,ECO3YR,,F,1:00 PM,2:00 PM,30,"Ram  Ranjan[20501201],
",1,YES,Major Elective,
Intro. Environmental Economics,ECO335,TUT2,ENF3YR,,M,5:00 PM,6:00 PM,30,"Ram  Ranjan[20501201],
",1,YES,Major Elective,
Public Economics,ECO354,LEC1,ECO3YR ENF3YR,,MW,9:30 AM,11:00 AM,60,"Kurt James Horner[20501101],
",3,YES,Major Elective,
Public Economics,ECO354,TUT1,ECO3YR,,M,6:00 PM,7:00 PM,30,"Kurt James Horner[20501101],
",1,YES,Major Elective,
Public Economics,ECO354,TUT2,ENF3YR,,T,5:00 PM,6:00 PM,30,"Kurt James Horner[20501101],
",1,YES,Major Elective,
International Finance,ECO367,LEC1,ECO3YR ENF3YR,,TTh,2:00 PM,3:30 PM,60,"Amrita Ghosh Dastidar[20501776],
",3,YES,Major Elective,
International Finance,ECO367,TUT1,ECO3YR,,F,2:00 PM,3:00 PM,30,"Amrita Ghosh Dastidar[20501776],
",1,YES,Major Elective,
International Finance,ECO367,TUT2,ENF3YR,,W,5:00 PM,6:00 PM,30,"Amrita Ghosh Dastidar[20501776],
",1,YES,Major Elective,
Behavioural Economics,ECO374,LEC1,ECO3YR ENF3YR,,TTh,2:00 PM,3:30 PM,60,"Punarjit  Roychowdhury[20501489],
",3,YES,Major Elective,
Behavioural Economics,ECO374,TUT1,ECO3YR,,F,2:00 PM,3:00 PM,30,"Punarjit  Roychowdhury[20501489],
",1,YES,Major Elective,
Behavioural Economics,ECO374,TUT2,ENF3YR,,F,5:00 PM,6:00 PM,30,"Punarjit  Roychowdhury[20501489],
",1,YES,Major Elective,
Advanced Microeconomics,ECO401,LEC1,ECO3YR,,TTh,9:30 AM,11:00 AM,60,"Abhimanyu  Khan[20500783],
",3,NO,,
Advanced Microeconomics,ECO401,TUT1,ECO31,,Th,5:00 PM,6:00 PM,30,"Abhimanyu  Khan[20500783],
",1,NO,,
Advanced Microeconomics,ECO401,TUT2,ECO32,,W,5:00 PM,6:00 PM,30,"Abhimanyu  Khan[20500783],
",1,NO,,
Industrial Organization,ECO431,LEC1,ECO3YR ENF3YR,,TTh,3:30 PM,5:00 PM,60,"Sandro  Brusco[20501516],
",3,YES,Major Elective,
Industrial Organization,ECO431,TUT1,ECO3YR,,F,1:00 PM,2:00 PM,30,"Sandro  Brusco[20501516],
",1,YES,Major Elective,
Industrial Organization,ECO431,TUT2,ENF3YR,,M,5:00 PM,6:00 PM,30,"Sandro  Brusco[20501516],
",1,YES,Major Elective,
Economics of Social Identity..,ECO436,LEC1,ECO3YR ENF3YR,,MW,3:30 PM,5:00 PM,60,"Ashokankur  Datta[20500130],
",3,NO,Major Elective,
Economics of Social Identity..,ECO436,TUT1,ECO3YR ENF3YR,,W,6:00 PM,7:00 PM,30,"Ashokankur  Datta[20500130],
",1,NO,Major Elective,
Economics of Social Identity..,ECO436,TUT2,ECO3YR ENF3YR,,F,6:00 PM,7:00 PM,30,"Ashokankur  Datta[20500130],
",1,NO,Major Elective,
International Economics,ECO461,LEC1,ECO2YR ENF3YR,,TTh,2:00 PM,3:30 PM,60,"Trishita Ray Barman[20500579],
",3,YES,,
International Economics,ECO461,TUT1,ECO2YR,,F,2:00 PM,3:00 PM,30,"Trishita Ray Barman[20500579],
",1,YES,,
International Economics,ECO461,TUT2,ENF3YR,,W,5:00 PM,6:00 PM,30,"Trishita Ray Barman[20500579],
",1,YES,,
Labour mkt. & the Macroeconoy,ECO482,LEC1,ECO3YR ENF3YR,,MW,1:00 PM,2:30 PM,60,"Kurt James Horner[20501101],
",3,NO,Major Elective,
Labour mkt. & the Macroeconoy,ECO482,TUT1,ECO3YR,,T,5:00 PM,6:00 PM,30,"Kurt James Horner[20501101],
",1,NO,Major Elective,
Labour mkt. & the Macroeconoy,ECO482,TUT2,ENF3YR,,F,4:00 PM,5:00 PM,30,"Kurt James Horner[20501101],
",1,NO,Major Elective,
UG Research Thesis I,ECO494,PRAC1,ECO4YR,,,,,,Shampa Bhattacharjee,,NO,,
UG Research Thesis II,ECO495,PRAC1,,,,,,40,Shampa Bhattacharjee,,NO,,
Power Engineering,EED307,LEC1,EEE3YR,,TThF,9:00 AM,10:00 AM,50,"Himanshu Sekhar Sahu[20501348],
",3,NO,,
Power Engineering,EED307,PRAC1,EEE31,D215,M,3:00 PM,5:00 PM,25,"Himanshu Sekhar Sahu[20501348],
",2,NO,,
Power Engineering,EED307,PRAC2,EEE32,D215,W,3:00 PM,5:00 PM,25,"Himanshu Sekhar Sahu[20501348],
",2,NO,,
Embedded Systems Hardware,EED308,LEC1,EEE3YR ECE3YR,,TThF,10:00 AM,11:00 AM,160,"Rohit  Singh[20501073],
",3,YES,,
Embedded Systems Hardware,EED308,PRAC1,EEE31,C105,F,1:00 PM,3:00 PM,25,"Rohit  Singh[20501073],
",2,YES,,
Embedded Systems Hardware,EED308,PRAC2,EEE32,C105,F,3:00 PM,5:00 PM,25,"Rohit  Singh[20501073],
",2,YES,,
Embedded Systems Hardware,EED308,PRAC3,ECE31,C105,W,1:00 PM,3:00 PM,28,"Rohit  Singh[20501073],
",2,YES,,
Embedded Systems Hardware,EED308,PRAC4,ECE32,C105,W,3:00 PM,5:00 PM,28,"Venkatnarayan  Hariharan[20501411],
",2,YES,,
Embedded Systems Hardware,EED308,PRAC5,ECE33,C105,M,1:00 PM,3:00 PM,27,"Venkatnarayan  Hariharan[20501411],
",2,YES,,
Embedded Systems Hardware,EED308,PRAC6,ECE34,C105,M,3:00 PM,5:00 PM,27,"Venkatnarayan  Hariharan[20501411],
",2,YES,,
Digital Communication,EED350,LEC1,ECE31 ECE32 ECE33 ECE34,,MW,11:00 AM,12:00 PM,110,"Vijaykumar  Chakka[20500251],
",3,YES,,
Digital Communication,EED350,LEC1,ECE31 ECE32 ECE33 ECE34,,T,1:00 PM,2:00 PM,110,"Vijaykumar  Chakka[20500251],
",3,YES,,
Digital Communication,EED350,TUT1,ECE31 ECE32,,F,3:00 PM,5:00 PM,56,"Vijaykumar  Chakka[20500251],
",1,YES,,
Digital Communication,EED350,TUT2,ECE33 ECE34,,F,1:00 PM,3:00 PM,54,"Vijaykumar  Chakka[20500251],
",1,YES,,
High Voltage Engineering,EED356,LEC1,ECE4YR,,TThF,10:00 AM,11:00 AM,40,"Amit  Bakshi[20500252],
",3,NO,Major Elective,
Applied Machine Learning,EED363,LEC1,EEE3YR ECE3YR,,MW,8:00 AM,9:30 AM,60,"Vinod  Sharma[20501615],
",3,YES,Major Elective,
Applied Machine Learning,EED363,TUT1,EEE3YR ECE3YR,,T,5:00 PM,6:00 PM,60,"Vinod  Sharma[20501615],
",1,YES,Major Elective,
Information Theory and Coding,EED368,LEC1,ECE3YR,,MW,9:30 AM,11:00 AM,110,"Rakesh Kumar Bansal[20501766],
",3,YES,,
MEMS Technology and Devices,EED369,LEC1,EEE4YR ECE4YR,,TTh,2:00 PM,3:30 PM,40,"Atul Vir Singh[20500082],
",3,NO,Major Elective,
Power System Ops. and Control,EED372,LEC1,EEE4YR,,TThF,10:00 AM,11:00 AM,40,"Himanshu Sekhar Sahu[20501348],
",3,NO,Major Elective,
Radar Engineering,EED374,LEC1,ECE3YR,,TTh,2:00 PM,3:30 PM,60,"Madhur Deo Upadhayay[20500212],
",3,YES,Major Elective,
Special Topics in RF & Micro..,EED377,LEC1,EEE4YR ECE4YR,,TThF,9:00 AM,10:00 AM,40,"Jitendra  Prajapati[20501015],
",3,NO,Major Elective,
Intro. to VLSI & WBG Devices..,EED378,LEC1,EEE3YR ECE3YR EEE4YR ECE4YR,,MWF,5:00 PM,6:00 PM,40,"Amitabh  Chatterjee[20501205],
",3,NO,Major Elective,
VLSI Technology and Design,EED401,LEC1,ECE31 ECE32 ECE33 ECE34,,TThF,9:00 AM,10:00 AM,110,"Sonal  Singhal[20500080],
",3,YES,,
VLSI Technology and Design,EED401,PRAC1,ECE31,C303,M,1:00 PM,3:00 PM,28,"Sonal  Singhal[20500080],
",2,YES,,
VLSI Technology and Design,EED401,PRAC2,ECE32,C303,M,3:00 PM,5:00 PM,28,"Sonal  Singhal[20500080],
",2,YES,,
VLSI Technology and Design,EED401,PRAC3,ECE33,C303,W,1:00 PM,3:00 PM,27,"Sonal  Singhal[20500080],
",2,YES,,
VLSI Technology and Design,EED401,PRAC4,ECE34,C303,W,3:00 PM,5:00 PM,27,"Sonal  Singhal[20500080],
",2,YES,,
Electric Drives,EED402,LEC1,ECE31 ECE32 ECE33 ECE34,,TThF,8:00 AM,9:00 AM,50,"Dinkar  Prasad[20500201],
",3,YES,,
Electric Drives,EED402,PRAC1,ECE31 ECE32,D013,F,1:00 PM,3:00 PM,25,"Dinkar  Prasad[20500201],
",2,YES,,
Electric Drives,EED402,PRAC2,ECE33 ECE34,D013,F,3:00 PM,5:00 PM,25,"Dinkar  Prasad[20500201],
",2,YES,,
Major Project 2,EED498,PRAC1,EEE4YR ECE4YR,C105,,,,135,"Upendra  Pandey[20501071],
Himanshu Sekhar Sahu[20501348],
",,NO,,
Academic Writing,ENG104,LEC1,UWE,,MW,9:30 AM,11:00 AM,35,,3,YES,,
Academic Writing,ENG104,LEC2,UWE,,TTh,3:30 PM,5:00 PM,35,,3,YES,,
Academic Writing,ENG104,LEC3,UWE,,TTh,2:00 PM,3:30 PM,35,,3,YES,,
Academic Writing,ENG104,LEC4,UWE,,MW,2:00 PM,3:30 PM,35,,3,YES,,
Academic Writing,ENG104,TUT1,UWE,,F,3:00 PM,4:00 PM,35,,1,YES,,
Academic Writing,ENG104,TUT2,UWE,,F,2:00 PM,3:00 PM,35,,1,YES,,
Academic Writing,ENG104,TUT3,UWE,,F,4:00 PM,5:00 PM,35,,1,YES,,
Academic Writing,ENG104,TUT4,UWE,,F,1:00 PM,2:00 PM,35,,1,YES,,
Fantasy and Science Fiction,ENG142,LEC1,ENG1YR,,MW,9:30 AM,11:00 AM,30,"Sreejata  Paul[20501595],
",3,YES,,
Fantasy and Science Fiction,ENG142,TUT1,ENG1YR,,M,1:00 PM,2:00 PM,30,"Sreejata  Paul[20501595],
",1,YES,,
Drama: Tropes and Adaptations,ENG143,LEC1,ENG1YR,,TTh,2:00 PM,3:30 PM,30,"Diviani  Chaudhuri[20500964],
",3,YES,,
Drama: Tropes and Adaptations,ENG143,TUT1,ENG1YR,,W,2:00 PM,3:00 PM,30,"Diviani  Chaudhuri[20500964],
",1,YES,,
Getting Verse,ENG240,LEC1,ENG2YR,,TTh,2:00 PM,3:30 PM,30,"Sreejata  Paul[20501595],
",3,YES,,
Getting Verse,ENG240,TUT1,ENG2YR,,F,2:00 PM,3:00 PM,30,"Sreejata  Paul[20501595],
",1,YES,,
Intro. to Translation Studies,ENG243,LEC1,ENG2YR,,MW,9:30 AM,11:00 AM,30,"Gatha  Sharma[20500031],
",3,YES,Major Elective,
Intro. to Translation Studies,ENG243,TUT1,ENG2YR,,F,1:00 PM,2:00 PM,30,"Gatha  Sharma[20500031],
",1,YES,Major Elective,
Modernist Literature,ENG244,LEC1,ENG2YR,,TTh,3:30 PM,5:00 PM,30,"Gautama  Polanki[20500313],
",3,YES,Major Elective,
Modernist Literature,ENG244,TUT1,ENG2YR,,F,3:00 PM,4:00 PM,30,"Gautama  Polanki[20500313],
",1,YES,Major Elective,
Landmarks in the Novel Form,ENG343,LEC1,ENG3YR,,MW,2:00 PM,3:30 PM,30,"Teja Varma Pusapati[20500842],
",3,YES,,
Landmarks in the Novel Form,ENG343,TUT1,ENG3YR,,F,1:00 PM,2:00 PM,30,"Teja Varma Pusapati[20500842],
",1,YES,,
Intro. to Postcoloniality,ENG346,LEC1,ENG3YR,,MW,9:30 AM,11:00 AM,30,"Chinmay  Sharma[20501103],
",3,YES,Major Elective,
Intro. to Postcoloniality,ENG346,TUT1,ENG3YR,,F,3:00 PM,4:00 PM,30,"Chinmay  Sharma[20501103],
",1,YES,Major Elective,
Popular Fiction,ENG347,LEC1,ENG3YR,,TTh,2:00 PM,3:30 PM,30,"Aakriti  Mandhwani[20500931],
",3,YES,Major Elective,
Popular Fiction,ENG347,TUT1,ENG3YR,,F,4:00 PM,5:00 PM,30,"Aakriti  Mandhwani[20500931],
",1,YES,Major Elective,
Pol. Prose Writings In India,ENG412,LEC1,ENG4YR,,MW,9:30 AM,11:00 AM,35,"Tapan  Basu[20501771],
",3,YES,Major Elective,
Pol. Prose Writings In India,ENG412,TUT1,ENG4YR,,F,3:00 PM,4:00 PM,35,"Tapan  Basu[20501771],
",1,YES,Major Elective,
World Folk Literature,ENG445,LEC1,ENG4YR,,MW,2:00 PM,3:30 PM,35,"Tulika  Chandra[20500029],
",3,YES,Major Elective,
World Folk Literature,ENG445,TUT1,ENG4YR,,F,1:00 PM,2:00 PM,35,"Tulika  Chandra[20500029],
",1,YES,Major Elective,
Literary Culture .............,ENG447,LEC1,ENG4YR,,TTh,3:30 PM,5:00 PM,35,"Chinmaya Lal  Thakur[20501751],
",3,YES,Major Elective,
Literary Culture .............,ENG447,TUT1,ENG4YR,,F,4:00 PM,5:00 PM,35,"Chinmaya Lal  Thakur[20501751],
",1,YES,Major Elective,
UGRD Supervised Research Paper,ENG499,LEC1,ENG4YR,,,,,20,,,NO,,
UGRD Supervised Research Paper,ENG499,PRAC1,ENG4YR,,,,,20,,,NO,,
Natural Gas Engineering,EWE101,LEC1,UWE,,TTh,3:30 PM,5:00 PM,60,"Dhiraj Kumar Garg[20500374],
",3,YES,,
Managerial Accounting,FAC203,LEC1,BMS11,,TTh,2:00 PM,3:30 PM,136,Vikas Pandey,3,NO,,
Managerial Accounting,FAC203,LEC2,BMS12,,TTh,3:30 PM,5:00 PM,54,Vikas Pandey,3,NO,,
Managerial Accounting,FAC203,LEC3,ENF1YR,,MW,1:00 PM,2:30 PM,10,"MB  Ragupathy[20500227],
",3,NO,,
Corporate Governance,FAC305,LEC1,BMS3YR BMS4YR ENF3YR ENF4YR,,MW,11:00 AM,12:30 PM,60,"Asish Kumar Bhattacharyya[20501374],
",3,YES,Major Elective,
Investment Analysis &  Portfol,FAC307,LEC1,BMS3YR BMS4YR ENF2YR,,TTh,2:00 PM,3:30 PM,60,Ashok Aggarwal,3,YES,,
Financial Markets & Inst.,FAC308,LEC1,ENF2YR,,ThF,6:30 PM,8:00 PM,60,"Sunil K Parameswaran[20501471],
",3,NO,,
Fintech,FAC409,LEC1,BMS3YR BMS4YR ENF2YR ENF3YR,,MW,9:30 AM,11:00 AM,60,"Ankur  Mehra[20500898],
",3,NO,,
Introduction to Mathematical..,ECO348-FAC413,LEC1,BMS3YR,,MW,1:00 PM,3:00 PM,60,"Jaideep  Ghosh[20500378],
",4,YES,Major Elective,
Early Historic South Asia,HIS103,LEC1,HIS1YR,,TThF,10:00 AM,11:00 AM,30,"Meera  visvanathan[20500357],
",3,YES,,
Early Historic South Asia,HIS103,TUT1,HIS1YR,,F,3:00 PM,4:00 PM,30,"Meera  visvanathan[20500357],
",1,YES,,
Bronze Age Civilizations,HIS104,LEC1,HIS1YR HIS2YR,,TTh,2:00 PM,3:30 PM,35,"Sudeshna  Guha[20500519],
",3,YES,,
Bronze Age Civilizations,HIS104,TUT1,HIS1YR HIS2YR,,F,2:00 PM,3:00 PM,35,"Sudeshna  Guha[20500519],
",1,YES,,
Establishment of British Power,HIS206,LEC1,HIS2YR,,TTh,2:00 PM,3:30 PM,30,"Kaustubh Mani Sengupta[20501754],
",3,YES,,
Establishment of British Power,HIS206,TUT1,HIS2YR,,F,2:00 PM,3:00 PM,30,"Kaustubh Mani Sengupta[20501754],
",1,YES,,
Social Change in South Asia,HIS208,LEC1,HIS2YR,,TTh,9:00 AM,10:30 AM,35,"Megha  Sharma[20501753],
",3,YES,,
Social Change in South Asia,HIS208,TUT1,HIS2YR,,M,2:00 PM,3:00 PM,35,"Megha  Sharma[20501753],
",1,YES,,
Contemporary India 1947-1991,HIS209,LEC1,HIS2YR,,MW,9:30 AM,11:00 AM,30,"Ajay Vishwas Dandekar[20500240],
",3,YES,,
Contemporary India 1947-1991,HIS209,TUT1,HIS2YR,,W,2:00 PM,3:00 PM,30,"Ajay Vishwas Dandekar[20500240],
",1,YES,,
Field Methods in Archaeology,HIS213,LEC1,HIS2YR,,MW,11:00 AM,12:00 PM,35,"Charusmita Surendra Gadekar[20501770],
",2,YES,,
Field Methods in Archaeology,HIS213,PRAC1,HIS2YR,,F,1:00 PM,2:00 PM,35,"Charusmita Surendra Gadekar[20501770],
",1,YES,,
South Asia in Historiography,HIS311,LEC1,UWE,,MW,3:00 PM,4:30 PM,35,"Iman Kumar Mitra[20501006],
",3,YES,,
South Asia in Historiography,HIS311,TUT1,UWE,,F,3:00 PM,4:00 PM,35,"Iman Kumar Mitra[20501006],
",1,YES,,
"Temples, Tombs and warriors:..",HIS312,LEC1,HIS3YR HIS4YR,,MW,8:00 AM,9:30 AM,30,"Hemanth  Kadambi[20501041],
",3,YES,Major Elective,
"Temples, Tombs and warriors:..",HIS312,TUT1,HIS3YR HIS4YR,,M,1:00 PM,2:00 PM,30,"Hemanth  Kadambi[20501041],
",1,YES,Major Elective,
Histories of Education & Youth,HIS318,LEC1,HIS3YR HIS4YR,,MW,9:30 AM,11:00 AM,35,"Divya  Kannan[20501004],
",3,YES,Major Elective,
Histories of Education & Youth,HIS318,TUT1,HIS3YR HIS4YR,,W,3:00 PM,4:00 PM,35,"Divya  Kannan[20501004],
",1,YES,,
Historicizing Caste,HIS325,LEC1,UWE,,TTh,3:30 PM,5:00 PM,35,"Meera  visvanathan[20500357],
",3,YES,,
Historicizing Caste,HIS325,TUT1,UWE,,W,2:00 PM,3:00 PM,35,"Meera  visvanathan[20500357],
",1,YES,,
Mapping New Frontiers:,HIS329,LEC1,UWE,,TTh,2:00 PM,3:30 PM,35,"Anubhuti  Maurya[20501099],
",3,YES,,
Mapping New Frontiers:,HIS329,TUT1,UWE,,W,1:00 PM,2:00 PM,35,"Anubhuti  Maurya[20501099],
",1,YES,,
"Cities in Modern South Asia,",HIS330,LEC1,HIS3YR HIS4YR,,TTh,3:30 PM,5:00 PM,35,KAUSTUBH MANI SENGUPTA,3,YES,,
"Cities in Modern South Asia,",HIS330,TUT1,HIS3YR HIS4YR,,W,2:00 PM,3:00 PM,35,KAUSTUBH MANI SENGUPTA,1,YES,,
"Rethinking Global History: Approaches to a ‘Connected World’,",HIS331,LEC1,HIS3YR HIS4YR,,TTh,2:00 PM,3:30 PM,35,MEGHA SHARMA,3,YES,,
"Rethinking Global History: Approaches to a ‘Connected World’,",HIS331,TUT1,HIS3YR HIS4YR,,F,2:00 PM,3:00 PM,35,MEGHA SHARMA,1,YES,,
India in world Affairs,INT103,LEC1,INT1YR,,MW,9:30 AM,11:00 AM,40,"Atul  Mishra[20500723],
",3,YES,,
India in world Affairs,INT103,TUT1,INT1YR,,W,1:00 PM,2:00 PM,40,"Atul  Mishra[20500723],
",1,YES,,
Intl.Orgs. & Global Governance,INT104,LEC1,INT1YR,,MW,2:00 PM,3:30 PM,40,"Priyanka  Pandit[20501601],
",3,YES,,
Intl.Orgs. & Global Governance,INT104,TUT1,INT1YR,,F,2:00 PM,3:00 PM,40,"Priyanka  Pandit[20501601],
",1,YES,,
Theorizing Intl. Relations,INT105,LEC1,INT1YR,,TTh,2:00 PM,3:30 PM,40,"Sruthi  Muraleedharan[20501002],
",3,YES,,
Theorizing Intl. Relations,INT105,TUT1,INT1YR,,F,4:00 PM,5:00 PM,40,"Sruthi  Muraleedharan[20501002],
",1,YES,,
International Security,INT204,LEC1,INT2YR,,MW,9:30 AM,11:00 AM,40,"Medha  .[20501185],
",3,YES,,
International Security,INT204,TUT1,INT2YR,,M,1:00 PM,2:00 PM,40,"Medha  .[20501185],
",1,YES,,
"Science,Tech. & Int. Relations",INT205,LEC1,INT2YR,,TTh,9:00 AM,10:30 AM,50,"Jabin Thomas Jacob[20501014],
",3,YES,,
"Science,Tech. & Int. Relations",INT205,TUT1,INT2YR,,W,1:00 PM,2:00 PM,50,"Jabin Thomas Jacob[20501014],
",1,YES,,
Globalization in Critical Per.,INT218,LEC1,INT2YR,,MW,8:00 AM,9:30 AM,35,"Priyanka  Pandit[20501601],
",3,YES,Major Elective,
Globalization in Critical Per.,INT218,TUT1,INT2YR,,F,1:00 PM,2:00 PM,35,"Priyanka  Pandit[20501601],
",1,YES,Major Elective,
Intl. Law & World Politics,INT301,LEC1,INT2YR,,TTh,3:30 PM,5:00 PM,40,"Siddharth  Mallavarapu[20500876],
",3,YES,,
Intl. Law & World Politics,INT301,TUT1,INT2YR,,W,3:00 PM,4:00 PM,40,"Siddharth  Mallavarapu[20500876],
",1,YES,,
Science Diplomacy,INT342,LEC1,INT3YR,,ThF,9:30 AM,11:00 AM,20,"Rajeswari Sarala Raina[20500660],
",3,YES,Major Elective,
Science Diplomacy,INT342,TUT1,INT3YR,,W,2:00 PM,3:00 PM,20,"Rajeswari Sarala Raina[20500660],
",1,YES,Major Elective,
Islam in Global Politics,INT350,LEC1,INT3YR,,TTh,2:00 PM,3:30 PM,25,"Medha  .[20501185],
",3,YES,Major Elective,
Islam in Global Politics,INT350,TUT1,INT3YR,,W,3:00 PM,4:00 PM,25,"Medha  .[20501185],
",1,YES,Major Elective,
The Making of Nuclear Order...,INT354,LEC1,INT3YR,,MW,9:30 AM,11:00 AM,35,Kapil Patil,3,YES,Major Elective,
The Making of Nuclear Order...,INT354,TUT1,INT3YR,,M,2:00 PM,3:00 PM,35,Kapil Patil,1,YES,Major Elective,
Central Eurasian Empires: their rise & rule 1200-1900,INT353,LEC1,INT3YR INT4YR,,TTh,3:30 PM,5:00 PM,30,Siddiq Wahid,3,YES,Major Elective,
Central Eurasian Empires: their rise & rule 1200-1900,INT353,TUT1,INT3YR INT4YR,,W,4:00 PM,5:00 PM,30,Siddiq Wahid,1,YES,Major Elective,
Intro to Info Sys and Ope Mgmt,ISM101,LEC1,BMS11,,MW,1:00 PM,2:30 PM,70,"Avinash  Samvedi[20501683],
",3,NO,,
Intro to Info Sys and Ope Mgmt,ISM101,LEC2,BMS12,,MW,9:30 AM,11:00 AM,70,"Vallurupalli  Vamsi[20501450],
",3,NO,,
Basic Probability and Stats.,MAT084,LEC1,BIO1YR,,MW,9:30 AM,11:00 AM,40,"Neelesh Naresh Dahanukar[20501487],
",3,YES,,
Basic Probability and Stats.,MAT084,TUT1,BIO1YR,,M,1:00 PM,2:00 PM,40,"Neelesh Naresh Dahanukar[20501487],
",1,YES,,
Calculus II,MAT102,LEC1,MAT1YR PHY1YR ECO1YR ENF1YR ECO2YR ENF2YR,,MW,11:00 AM,12:30 PM,300,"Amber  Habib[20500009],
",3,YES,,
Calculus II,MAT102,TUT1,MAT1YR,,W,4:00 PM,5:00 PM,30,"Amber  Habib[20500009],
",1,YES,,
Calculus II,MAT102,TUT2,ECO11,,W,6:00 PM,7:00 PM,30,,1,YES,,
Calculus II,MAT102,TUT3,ECO12,,W,6:00 PM,7:00 PM,30,,1,YES,,
Calculus II,MAT102,TUT4,ENF11,,M,6:00 PM,7:00 PM,30,,1,YES,,
Calculus II,MAT102,TUT5,ENF12,,M,6:00 PM,7:00 PM,30,,1,YES,,
Calculus II,MAT102,TUT6,ECO2YR,,F,5:00 PM,6:00 PM,30,,1,YES,,
Calculus II,MAT102,TUT7,ENF21,,M,6:00 PM,7:00 PM,30,,1,YES,,
Calculus II,MAT102,TUT8,ENF22,,W,6:00 PM,7:00 PM,30,,1,YES,,
Calculus II,MAT102,TUT9,PHY1YR,,W,1:00 PM,2:00 PM,30,"Amber  Habib[20500009],
",1,YES,,
Calculus II,MAT102,TUT10,UWE,,W,5:00 PM,6:00 PM,30,,1,YES,,
Mathematical Methods II,MAT104,LEC1,CSD11 CSD12 CSD13 CSD14 ECE11 ECE12 ECE13 MED11 MED12 CED1YR CHD1YR,,MW,9:30 AM,11:00 AM,300,"Ajit  Kumar[20500008],
",3,NO,,
Mathematical Methods II,MAT104,TUT1,CSD11,,F,5:00 PM,6:00 PM,30,,1,NO,,
Mathematical Methods II,MAT104,TUT2,CSD12,,M,5:00 PM,6:00 PM,30,,1,NO,,
Mathematical Methods II,MAT104,TUT3,CSD13,,F,5:00 PM,6:00 PM,30,,1,NO,,
Mathematical Methods II,MAT104,TUT4,CSD14,,M,6:00 PM,7:00 PM,30,,1,NO,,
Mathematical Methods II,MAT104,TUT5,ECE11,,M,5:00 PM,6:00 PM,30,,1,NO,,
Mathematical Methods II,MAT104,TUT6,ECE12,,W,5:00 PM,6:00 PM,30,,1,NO,,
Mathematical Methods II,MAT104,TUT7,ECE13,,F,5:00 PM,6:00 PM,30,,1,NO,,
Mathematical Methods II,MAT104,TUT8,MED11 CED1YR,,M,6:00 PM,7:00 PM,30,,1,NO,,
Mathematical Methods II,MAT104,TUT9,MED12,,W,6:00 PM,7:00 PM,30,,1,NO,,
Mathematical Methods II,MAT104,TUT10,CHD1YR,,W,5:00 PM,6:00 PM,30,,1,NO,,
Vector Calculus and Geometry,MAT132,LEC1,MAT1YR,,TTh,2:00 PM,3:30 PM,30,"Pradip  Kumar[20500271],
",3,YES,,
Vector Calculus and Geometry,MAT132,TUT1,MAT1YR,,W,2:00 PM,3:00 PM,30,"Pradip  Kumar[20500271],
",1,YES,,
Mathematical Modelling,MAT150,LEC1,MAT1YR,,MW,8:00 AM,9:30 AM,30,"Qazi Azhad Jamal[20501762],
",3,YES,,
Mathematical Modelling,MAT150,TUT1,MAT1YR,,M,2:00 PM,3:00 PM,30,"Qazi Azhad Jamal[20501762],
",1,YES,,
Applied Linear Algebra,MAT161,LEC1,CSD21 CSD22 CSD23,,TTh,2:00 PM,3:30 PM,110,"Santosh  Singh[20500163],
",3,YES,,
Applied Linear Algebra,MAT161,TUT1,CSD21,,M,5:00 PM,6:00 PM,37,"Santosh  Singh[20500163],
",1,YES,,
Applied Linear Algebra,MAT161,TUT2,CSD22,,W,5:00 PM,6:00 PM,37,"Santosh  Singh[20500163],
",1,YES,,
Applied Linear Algebra,MAT161,TUT3,CSD23,,F,5:00 PM,6:00 PM,36,"Santosh  Singh[20500163],
",1,YES,,
Real Analysis I,MAT220,LEC1,MAT2YR,,MW,9:30 AM,11:00 AM,30,"Niteesh  Sahni[20500011],
",3,NO,,
Real Analysis I,MAT220,TUT1,MAT2YR,,M,2:00 PM,3:00 PM,30,"Niteesh  Sahni[20500011],
",1,NO,,
Real Analysis II,MAT221,LEC1,MAT2YR,,TTh,3:30 PM,5:00 PM,30,"Sanjeev  Agrawal[20500033],
",3,YES,,
Real Analysis II,MAT221,TUT1,MAT2YR,,W,2:00 PM,3:00 PM,30,"Sanjeev  Agrawal[20500033],
",1,YES,,
Algebra II,MAT241,LEC1,MAT2YR,,MW,8:00 AM,9:30 AM,30,"Satyanarayana  Reddy[20500099],
",3,YES,,
Algebra II,MAT241,TUT1,MAT2YR,,M,1:00 PM,2:00 PM,30,"Satyanarayana  Reddy[20500099],
",1,YES,,
Combinatorics,MAT246,LEC1,MAT2YR,,TThF,10:00 AM,11:00 AM,40,"Satyanarayana  Reddy[20500099],
",3,YES,Major Elective,
Combinatorics,MAT246,TUT1,MAT2YR,,W,3:00 PM,4:00 PM,40,"Satyanarayana  Reddy[20500099],
",1,YES,Major Elective,
Numerical Analysis I,MAT280,LEC1,MAT2YR,,TTh,5:00 PM,6:30 PM,28,"Santosh  Singh[20500163],
",3,YES,,
Numerical Analysis I,MAT280,PRAC1,MAT2YR,B113,W,4:00 PM,5:00 PM,28,"Santosh  Singh[20500163],
",2,YES,,
Introduction to Statistics,MAT283,LEC1,MAT2YR,,TTh,2:00 PM,3:30 PM,30,"Qazi Azhad Jamal[20501762],
",3,YES,,
Introduction to Statistics,MAT283,TUT1,MAT2YR,,M,4:00 PM,5:00 PM,30,"Qazi Azhad Jamal[20501762],
",1,YES,,
Partial Differential Equations,MAT330,LEC1,MAT3YR,,MW,11:00 AM,12:30 AM,30,"Samit  Bhattacharyya[20500432],
",3,YES,,
Partial Differential Equations,MAT330,TUT1,MAT3YR,,F,1:00 PM,2:00 PM,30,"Samit  Bhattacharyya[20500432],
",1,YES,,
Geometry of Curves & Surfaces,MAT332,LEC1,MAT2YR MAT3YR,,TThF,9:00 AM,10:00 AM,30,"Pradip  Kumar[20500271],
",3,YES,Major Elective,
Geometry of Curves & Surfaces,MAT332,TUT1,MAT2YR MAT3YR,,F,2:00 PM,3:00 PM,30,"Pradip  Kumar[20500271],
",1,YES,Major Elective,
Optimization I,MAT388,LEC1,MAT3YR,,TTh,3:30 PM,5:00 PM,30,"Dipti  Dubey[20501196],
",3,YES,Major Elective,
Optimization I,MAT388,TUT1,MAT3YR,,M,2:00 PM,3:00 PM,30,"Dipti  Dubey[20501196],
",1,YES,Major Elective,
Machine Learning through R.,MAT394,LEC1,MAT3YR CSD3YR,,TTh,2:00 PM,3:30 PM,30,"Niteesh  Sahni[20500011],
",3,YES,Major Elective,
Machine Learning through R.,MAT394,PRAC1,MAT3YR CSD3YR,C309,W,1:00 PM,3:00 PM,30,"Niteesh  Sahni[20500011],
",2,YES,Major Elective,
Undergraduate Seminar,MAT399,LEC1,MAT3YR,,MW,3:00 PM,4:30 PM,30,"Charu  Sharma[20500010],
",3,NO,,
Undergraduate Seminar,MAT399,PRAC1,MAT3YR,B113,F,3:00 PM,5:00 PM,30,"Charu  Sharma[20500010],
",2,NO,,
Metric Spaces,MAT422,LEC1,MAT3YR MAT4YR,,TThF,10:00 AM,11:00 AM,10,"Sanjeev  Agrawal[20500033],
",3,YES,Major Elective,
Metric Spaces,MAT422,TUT1,MAT3YR MAT4YR,,W,1:00 PM,2:00 PM,10,"Sanjeev  Agrawal[20500033],
",1,YES,Major Elective,
Complex Analysis,MAT424,LEC1,MAT3YR,,TTh,3:30 PM,5:00 PM,30,"Priyanka  Grover[20500411],
",3,YES,Major Elective,
Complex Analysis,MAT424,TUT1,MAT3YR,,M,1:00 PM,2:00 PM,30,"Priyanka  Grover[20500411],
",1,YES,Major Elective,
Basic Category Theory,MAT444,LEC1,MAT3YR,,TThF,9:00 AM,10:00 AM,30,"Neha  Gupta[20500087],
",3,YES,Major Elective,
Basic Category Theory,MAT444,TUT1,MAT3YR,,F,2:00 PM,3:00 PM,30,"Neha  Gupta[20500087],
",1,YES,Major Elective,
Discrete Time Finance,MAT490,LEC1,MAT3YR MAT4YR,,TThF,10:00 AM,11:00 AM,30,"Charu  Sharma[20500010],
",3,YES,Major Elective,
Fourier Analysis,MAT522,LEC1,MAT3YR,,TTh,2:00 PM,3:30 PM,30,"Amber  Habib[20500009],
",3,YES,Major Elective,
Fourier Analysis,MAT522,TUT1,MAT3YR,,W,2:00 PM,3:00 PM,30,"Amber  Habib[20500009],
",1,YES,Major Elective,
Measure and Integration,MAT620,LEC1,MAT3YR MAT4YR,,MW,9:30 AM,11:00 AM,30,"Priyanka  Grover[20500411],
",3,YES,Major Elective,
Measure and Integration,MAT620,TUT1,MAT3YR MAT4YR,,M,2:00 PM,3:00 PM,30,"Priyanka  Grover[20500411],
",1,YES,Major Elective,
Mandarin I,MDR102,LEC1,INT1YR,,MW,11:00 AM,12:30 PM,40,"Chen  Tang[20501505],
",3,YES,Major Elective,
Mandarin I,MDR102,TUT1,INT1YR,,F,1:00 PM,2:00 PM,40,"Chen  Tang[20501505],
",1,YES,Major Elective,
Mandarin II,MDR152,LEC1,INT1YR,,TTh,3:30 PM,5:00 PM,40,"Chen  Tang[20501505],
",3,YES,Major Elective,
Mandarin II,MDR152,TUT1,INT1YR,,F,3:00 PM,4:00 PM,40,"Chen  Tang[20501505],
",1,YES,Major Elective,
Mandarin III,MDR202,LEC1,INT2YR,,MW,2:00 PM,3:30 PM,40,"Chen  Tang[20501505],
",3,YES,Major Elective,
Mandarin III,MDR202,TUT1,INT2YR,,F,2:00 PM,3:00 PM,40,"Chen  Tang[20501505],
",1,YES,Major Elective,
Mandarin IV,MDR252,LEC1,INT2YR,,TTh,2:00 PM,3:30 PM,40,"Chen  Tang[20501505],
",3,YES,Major Elective,
Mandarin IV,MDR252,TUT1,INT2YR,,F,4:00 PM,5:00 PM,40,"Chen  Tang[20501505],
",1,YES,Major Elective,
Mandarin V,MDR302,LEC1,INT3YR,,MW,4:00 PM,5:30 PM,40,"Chen  Tang[20501505],
",3,YES,Major Elective,
Mandarin V,MDR302,TUT1,INT3YR,,M,1:00 PM,2:00 PM,40,"Chen  Tang[20501505],
",1,YES,Major Elective,
Mandarin VI,MDR352,LEC1,INT3YR,,TTh,5:00 PM,6:30 PM,40,"Chen  Tang[20501505],
",3,YES,Major Elective,
Mandarin VI,MDR352,TUT1,INT3YR,,W,1:00 PM,2:00 PM,40,"Chen  Tang[20501505],
",1,YES,Major Elective,
Economics for Business – I,MEC103,LEC1,BMS11,,MW,9:30 AM,11:30 AM,70,"Aishna  Sharma[20501148],
",4,YES,,
Economics for Business – I,MEC103,LEC2,BMS12,,MW,1:00 PM,3:00 PM,70,"Simanti  Bandyopadhyay[20500403],
",4,YES,,
Game Theory & Strat. Behaviour,MEC201,LEC1,BMS2YR BMS3YR BMS4YR,,TTh,5:00 PM,6:30 PM,60,"Meenakshi  Ghosh[20501340],
",3,YES,Major Elective,
Pricing Strategies,MEC202,LEC1,BMS2YR BMS3YR BMS4YR,,TF,1:00 PM,2:00 PM,30,"Meenakshi  Ghosh[20501340],
",2,YES,Major Elective,
Kinematics & Dynamics of M/cs,MED204,LEC1,MED21 MED22,,TThF,9:00 AM,10:00 AM,90,"J  Venkatramani[20500736],
",3,YES,,
Kinematics & Dynamics of M/cs,MED204,PRAC1,MED21,C112,M,1:00 PM,3:00 PM,45,"J  Venkatramani[20500736],
",2,YES,,
Kinematics & Dynamics of M/cs,MED204,PRAC2,MED22,C112,W,1:00 PM,3:00 PM,45,"J  Venkatramani[20500736],
",2,YES,,
Engineering Thermodynamics,MED205,LEC1,MED21 MED22,,MW,8:30 AM,9:30 AM,90,"Visakh  Vaikuntanathan[20501507],
",2,YES,,
Engineering Thermodynamics,MED205,TUT1,MED21,,W,3:00 PM,4:00 PM,45,"Visakh  Vaikuntanathan[20501507],
",1,YES,,
Engineering Thermodynamics,MED205,TUT2,MED22,,M,2:00 PM,3:00 PM,45,"Visakh  Vaikuntanathan[20501507],
",1,YES,,
Mech. Engg. Design & Graphics,MED209,LEC1,MED21 MED22,,MW,9:30 AM,10:30 AM,90,"Ankit  Gupta[20501013],
",2,YES,,
Mech. Engg. Design & Graphics,MED209,PRAC1,MED21,C117,W,1:00 PM,3:00 PM,45,"Ankit  Gupta[20501013],
",2,YES,,
Mech. Engg. Design & Graphics,MED209,PRAC2,MED22,C117,M,3:00 PM,5:00 PM,45,"Ankit  Gupta[20501013],
",2,YES,,
Principles of Industrial Engg.,MED210,LEC1,MED21 MED22,,TThF,10:00 AM,11:00 AM,60,"Divya  Shrivastava[20500160],
",3,YES,,
Refrgtn. & Air Conditioning,MED305,LEC1,MED3YR,,MW,8:00 AM,9:00 AM,100,"SUNIL KUMAR[1910120127],
Sumit  Tiwari[20501098],
",2,NO,,
Refrgtn. & Air Conditioning,MED305,PRAC1,MED31,D004,W,3:00 PM,5:00 PM,34,"Sumit  Tiwari[20501098],
",2,NO,,
Refrgtn. & Air Conditioning,MED305,PRAC2,MED32,D004,F,3:00 PM,5:00 PM,33,"Sumit  Tiwari[20501098],
",2,NO,,
Refrgtn. & Air Conditioning,MED305,PRAC3,MED33,D004,M,3:00 PM,5:00 PM,33,"Sumit  Tiwari[20501098],
",2,NO,,
Fluid Machinery,MED306,LEC1,MED3YR,,MW,11:00 AM,12:00 PM,90,"Visakh Vaikuntanathan
",2,YES,,
Fluid Machinery,MED306,PRAC1,MED31,C010,M,3:00 PM,5:00 PM,30,"Sathi Rajesh Reddy[20500731],
",2,YES,,
Fluid Machinery,MED306,PRAC2,MED32,C010,W,3:00 PM,5:00 PM,30,"Sathi Rajesh Reddy[20500731],
",2,YES,,
Fluid Machinery,MED306,PRAC3,MED33,C010,F,3:00 PM,5:00 PM,30,"Sathi Rajesh Reddy[20500731],
",2,YES,,
Finite Element Methods,MED307,LEC1,MED3YR,,MW,9:30 AM,11:00 AM,60,"Kamineni Nayayana[1510120028],
Ramesh Gupta Burela[20500198],
",3,NO,Major Elective,
CAD & Manufacturing,MED314,LEC1,MED21 MED22,,MW,11:00 AM,12:00 PM,90,"Ramesh Gupta Burela[20500198],
Ganeshthangaraj  Ponniah[20500265],
",2,NO,,
CAD & Manufacturing,MED314,PRAC1,MED21,D018,M,3:00 PM,5:00 PM,45,"Ramesh Gupta Burela[20500198],
Ganeshthangaraj  Ponniah[20500265],
",2,YES,,
CAD & Manufacturing,MED314,PRAC2,MED22,D018,W,3:00 PM,5:00 PM,45,"Ramesh Gupta Burela[20500198],
Ganeshthangaraj  Ponniah[20500265],
",2,YES,,
I.C. Engines & Automobiles,MED315,LEC1,MED3YR,,TThF,8:00 AM,9:00 AM,85,"Sathi Rajesh Reddy[20500731],
Sumit  Tiwari[20501098],
",3,NO,,
I.C. Engines & Automobiles,MED315,PRAC1,MED31,IC Engine Lab,F,1:00 PM,3:00 PM,29,"Sathi Rajesh Reddy[20500731],
Sumit  Tiwari[20501098],
",2,NO,,
I.C. Engines & Automobiles,MED315,PRAC2,MED32,IC Engine Lab,M,1:00 PM,3:00 PM,28,"Sathi Rajesh Reddy[20500731],
Sumit  Tiwari[20501098],
",2,NO,,
I.C. Engines & Automobiles,MED315,PRAC3,MED33,IC Engine Lab,W,1:00 PM,3:00 PM,28,"Sathi Rajesh Reddy[20500731],
Sumit  Tiwari[20501098],
",2,NO,,
Fundamentls of Hyd. Fuel Cells,MED324,LEC1,MED3YR,,TThF,9:00 AM,10:00 AM,60,"Harpreet Singh Arora[20500396],
",3,NO,Major Elective,
Industrial Automation,MED326,LEC1,MED3YR,,TTh,4:00 PM,5:00 PM,60,"Divya  Shrivastava[20500160],
Ganeshthangaraj  Ponniah[20500265],
",2,NO,Major Elective,
Industrial Automation,MED326,PRAC1,MED3YR,C004,M,1:00 PM,3:00 PM,60,"Divya  Shrivastava[20500160],
Ganeshthangaraj  Ponniah[20500265],
",2,NO,Major Elective,
Solar Energy,MED403,LEC1,MED3YR,,TTh,4:00 PM,5:00 PM,30,"Harender  .[20500199],
",2,NO,Major Elective,
Solar Energy,MED403,PRAC1,MED3YR,,M,1:00 PM,3:00 PM,30,"Harender  .[20500199],
",2,NO,Major Elective,
Adv. Comp. Prog. & Num. Tech.,MED404,LEC1,MED3YR,,TTh,2:00 PM,3:00 PM,60,"Meha  Bhogra[20501445],
",2,NO,Major Elective,
Adv. Comp. Prog. & Num. Tech.,MED404,PRAC1,MED31,D018,F,3:00 PM,5:00 PM,30,"Meha  Bhogra[20501445],
",2,NO,Major Elective,
Adv. Comp. Prog. & Num. Tech.,MED404,PRAC2,MED32 MED33,D018,W,3:00 PM,5:00 PM,30,"Meha  Bhogra[20501445],
",2,NO,Major Elective,
Energy Conv.Tech & Energy Mgmt,MED413,LEC1,MED3YR,,TThF,10:00 AM,11:00 AM,60,"Santanu  Mitra[20500178],
",3,NO,Major Elective,
Business Law,MGT201,LEC1,BMS11,,TTh,3:30 PM,5:00 PM,70,"Rashmi  Aggarwal[20501530],
",3,NO,,
Business Law,MGT201,LEC2,BMS12,,TTh,2:00 PM,3:30 PM,70,"Rashmi  Aggarwal[20501530],
",3,NO,,
Legal aspects of Marketing,MGT206,LEC1,BMS2YR BMS3YR BMS4YR,,TTh,9:00 AM,10:00 AM,60,"Rashmi  Aggarwal[20501530],
",2,YES,Major Elective,
TVL Execution Phase,MGT207,LEC1,BMS2YR,,F,12:00 PM,1:00 PM,70,"Partha Sarathi Roy[20500222],
",1,NO,,
Understanding Family Business,MGT209,LEC1,BMS2YR BMS3YR BMS4YR,,MW,11:00 AM,12:20 PM,60,"Shruti  Sardeshmukh[20501795],
",3,NO,Major Elective,
Overcoming Communicating Barriers,MGT303,LEC1,BMS2YR BMS3YR BMS4YR,,MW,9:30 AM,11:00 AM,60,Devmalya Biswas,3,NO,Major Elective,
Fund. of Intellectual Property,MGT401,LEC1,BMS2YR BMS3YR BMS4YR,,MW,11:00 AM,12:20 PM,60,"Vinita  Krishna[20501149],
",3,YES,Major Elective,
Services marketing,MKT403,LEC1,BMS2YR,,TTh,2:00 PM,3:30 PM,60,,3,NO,Major Elective,
Mining Insights,MKT405,LEC1,BMS2YR,,MW,1:00 PM,3:00 PM,40,"Paromita  Goswami[20500241],
",4,YES,Major Elective,
Marketing Research,MKT406,LEC1,BMS2YR BMS3YR BMS4YR,,TTh,2:00 PM,3:30 PM,60,"Bikramjit  Rishi[20501490],
",3,YES,,
Leadership Prin. & Practices,OHM301,LEC1,BMS3YR BMS4YR,,M,3:00 PM,5:00 PM,60,"Arvind  Shatdal[20500216],
",2,YES,Major Elective,
Leadership Prin. & Practices,OHM301,PRAC1,BMS3YR BMS4YR,,Th,10:00 AM,11:00 AM,60,"Arvind  Shatdal[20500216],
",1,YES,Major Elective,
A Behavioural Lens on Pol.....,OHM302,LEC1,BMS2YR BMS3YR BMS4YR,,TF,10:00 AM,11:00 AM,60,"Vivek  Khanna[20501200],
",2,YES,Major Elective,
Japanese Management,OHM403,LEC1,BMS2YR BMS3YR BMS4YR,,TTh,3:30 PM,5:00 PM,60,"Kaushik  Chaudhuri[20500281],
",3,YES,,
Introduction to Physics II,PHY102,LEC1,CSD11 CSD12,,TThF,10:00 AM,11:00 AM,65,"Syed Mohammad Kamil[20500088],
",3,NO,,
Introduction to Physics II,PHY102,LEC2,CSD13 CSD14,,TThF,10:00 AM,11:00 AM,65,"Sajal Kumar Ghosh[20500246],
",3,NO,,
Introduction to Physics II,PHY102,LEC3,ECE11 ECE12 ECE13,,TThF,10:00 AM,11:00 AM,85,"Bhaskar  Kaviraj[20500244],
",3,NO,,
Introduction to Physics II,PHY102,LEC4,CHD1YR CED1YR MED1YR CHY1YR,,TThF,10:00 AM,11:00 AM,80,"Subhra  Sen Gupta[20500365],
",3,NO,,
Introduction to Physics II,PHY102,PRAC1,CSD11 CSD12,A103,M,2:00 PM,5:00 PM,100,"Sajal Kumar Ghosh[20500246],
",3,NO,,
Introduction to Physics II,PHY102,PRAC2,CSD13 CSD14,A103,M,2:00 PM,5:00 PM,100,"Mayukh  Majumder[20501260],
",3,NO,,
Introduction to Physics II,PHY102,PRAC3,ECE11 ECE12 ECE13,A103,W,2:00 PM,5:00 PM,100,"Susanta Sinha Roy[20500095],
",3,NO,,
Introduction to Physics II,PHY102,PRAC4,CHD1YR CED1YR MED1YR CHY1YR,A103,W,2:00 PM,5:00 PM,100,"Rakesh  Kumar[20500918],
",3,NO,,
Introduction to Physics II,PHY102,TUT1,CSD11,,M,5:00 PM,6:00 PM,40,"Syed Mohammad Kamil[20500088],
",1,NO,,
Introduction to Physics II,PHY102,TUT2,CSD12,,W,5:00 PM,6:00 PM,40,"Syed Mohammad Kamil[20500088],
",1,NO,,
Introduction to Physics II,PHY102,TUT3,CSD13,,W,5:00 PM,6:00 PM,40,"Syed Mohammad Kamil[20500088],
",1,NO,,
Introduction to Physics II,PHY102,TUT4,CSD14,,W,6:00 PM,7:00 PM,40,"Syed Mohammad Kamil[20500088],
",1,NO,,
Introduction to Physics II,PHY102,TUT5,ECE11,,W,5:00 PM,6:00 PM,40,"Syed Mohammad Kamil[20500088],
",1,NO,,
Introduction to Physics II,PHY102,TUT6,ECE12,,F,5:00 PM,6:00 PM,40,"Syed Mohammad Kamil[20500088],
",1,NO,,
Introduction to Physics II,PHY102,TUT7,ECE13,,M,5:00 PM,6:00 PM,40,"Syed Mohammad Kamil[20500088],
",1,NO,,
Introduction to Physics II,PHY102,TUT8,MED11 CED1YR,,W,6:00 PM,7:00 PM,40,"Syed Mohammad Kamil[20500088],
",1,NO,,
Introduction to Physics II,PHY102,TUT9,MED12,,M,6:00 PM,7:00 PM,40,"Syed Mohammad Kamil[20500088],
",1,NO,,
Introduction to Physics II,PHY102,TUT10,CHD1YR CHY1YR,,M,6:00 PM,7:00 PM,40,"Syed Mohammad Kamil[20500088],
",1,NO,,
Fundamentals of Physics II,PHY104,LEC1,PHY1YR,,TThF,8:00 AM,9:00 AM,40,"Binson  Babu[20501682],
",3,YES,,
Fundamentals of Physics II,PHY104,TUT1,PHY1YR,,M,3:00 PM,4:00 PM,40,"Binson  Babu[20501682],
",1,YES,,
Fundamentals of Physics II,PHY104,PRAC1,PHY1YR,A103,F,2:00 PM,5:00 PM,40,"Binson  Babu[20501682],
",3,YES,,
Intro. to Comptnl. Phy. II,PHY106,LEC1,PHY1YR,,TThF,10:00 AM,11:00 AM,30,"Rana  Nandi[20501594],
",1,YES,,
Intro. to Comptnl. Phy. II,PHY106,TUT1,PHY1YR,,M,1:00 PM,2:00 PM,30,"Rana  Nandi[20501594],
",1,YES,,
Intro. to Comptnl. Phy. II,PHY106,PRAC1,PHY1YR,A012,W,3:00 PM,5:00 PM,30,"Rana  Nandi[20501594],
",2,YES,,
Physics For Life,PHY108,LEC1,BIO1YR,,TThF,9:00 AM,10:00 AM,30,"Samarendra Pratap Singh[20500036],
",3,YES,,
Physics For Life,PHY108,PRAC1,BIO1YR,A103,T,2:00 PM,5:00 PM,30,"Syed Mohammad Kamil[20500088],
",3,YES,,
Intro. to Quantum Mechanics,PHY202,LEC1,PHY2YR,,TThF,9:00 AM,10:00 AM,40,"Kenji  Nishiwaki[20501181],
",3,YES,,
Intro. to Quantum Mechanics,PHY202,TUT1,PHY2YR,,F,1:00 PM,2:00 PM,40,"Kenji  Nishiwaki[20501181],
",1,YES,,
Intro. to Mathematical Phy. II,PHY204,LEC1,PHY2YR,,MW,11:00 AM,12:00 PM,30,"Santosh  Kumar[20500193],
",2,YES,,
Intro. to Mathematical Phy. II,PHY204,TUT1,PHY2YR,,M,1:00 PM,2:00 PM,30,"Santosh  Kumar[20500193],
",1,YES,,
Electronics I,PHY206,LEC1,PHY2YR,,TTh,10:00 AM,11:00 AM,30,"Priya Sudhir Johari[20500084],
",2,YES,,
Electronics I,PHY206,TUT1,PHY2YR,,F,10:00 AM,11:00 AM,30,"Priya Sudhir Johari[20500084],
",1,YES,,
Electronics I,PHY206,PRAC1,PHY2YR,A114,F,2:00 PM,5:00 PM,30,"Priya Sudhir Johari[20500084],
",3,YES,,
Advanced Experimental Phy. I,PHY208,LEC1,PHY2YR,,T,1:00 PM,2:00 PM,40,"Aloke  Kanjilal[20500143],
",1,YES,,
Advanced Experimental Phy. I,PHY208,PRAC1,PHY2YR,A105,W,1:00 PM,5:00 PM,40,"Aloke  Kanjilal[20500143],
",4,YES,,
Statistical Physics,PHY302,LEC1,PHY3YR,,TThF,9:00 AM,10:00 AM,30,"Subhra  Sen Gupta[20500365],
",3,YES,,
Statistical Physics,PHY302,TUT1,PHY3YR,,F,2:00 PM,3:00 PM,30,"Subhra  Sen Gupta[20500365],
",1,YES,,
Condensed Matter Physics,PHY304,LEC1,PHY3YR,,TThF,8:00 AM,9:00 AM,30,"Mayukh  Majumder[20501260],
",3,YES,,
Condensed Matter Physics,PHY304,TUT1,PHY3YR,,F,1:00 PM,2:00 PM,30,"Mayukh  Majumder[20501260],
",1,YES,,
Quantum Mechanics II,PHY306,LEC1,PHY3YR,,MW,9:30 AM,11:00 AM,30,"Arindam  Chatterjee[20501204],
",3,YES,,
Quantum Mechanics II,PHY306,TUT1,PHY3YR,,M,2:00 PM,3:00 PM,30,"Arindam  Chatterjee[20501204],
",1,YES,,
Adv. Experimental Physics - II,PHY308,LEC1,PHY3YR,,T,1:00 PM,2:00 PM,30,"Bhaskar  Kaviraj[20500244],
",1,YES,,
Adv. Experimental Physics - II,PHY308,PRAC1,PHY3YR,A106,W,1:00 PM,5:00 PM,30,"Praloy  Mondal[20501713],
Bhaskar  Kaviraj[20500244],
",4,YES,,
Semiconductor Phy & Devices,PHY558,LEC1,PHY4YR,,TTh,3:30 PM,5:00 PM,30,"Samarendra Pratap Singh[20500036],
",3,NO,Major Elective,
Advanced High Energy Physics,PHY561,LEC1,PHY4YR,,TTh,2:00 PM,3:30 PM,30,"Kenji  Nishiwaki[20501181],
",3,NO,Major Elective,
Characterization Of Materials,PHY573,LEC1,PHY4YR,,MW,9:30 AM,11:00 AM,30,"Susanta Sinha Roy[20500095],
Aloke  Kanjilal[20500143],
",3,NO,Major Elective,
Introduction to Astronomy...,PHY590,LEC1,PHY4YR,,MW,11:00 AM,12:30 PM,30,"Rana  Nandi[20501594],
",3,NO,Major Elective,
Astroparticle Physics & Cosm..,PHY595,LEC1,PHY4YR,,MW,8:00 AM,9:30 AM,30,"Arindam  Chatterjee[20501204],
",3,NO,Major Elective,
Understanding Modernity,SOC102,LEC1,ENG1YR HIS1YR INT1YR ECO1YR ENF11 ENF12 SOC1YR,,MW,3:30 PM,4:30 PM,162,Sreedeep,2,NO,,
Understanding Modernity,SOC102,LEC1,ENG1YR HIS1YR INT1YR ECO1YR ENF11 ENF12 SOC1YR,,M,4:30 PM,5:30 PM,,Sreedeep,1,NO,,
Understanding Modernity,SOC102,TUT1,ENG1YR HIS1YR INT1YR ECO1YR ENF11 ENF12 SOC1YR,,W,4:30 PM,5:30 PM,162,Sreedeep,1,NO,,
Anthropological Theory,SOC119,LEC1,SOC1YR,,MW,9:30 AM,11:00 AM,30,"Ravi Nandan Singh[20501451],
",3,YES,,
Anthropological Theory,SOC119,TUT1,SOC1YR,,M,1:00 PM,2:00 PM,30,"Ravi Nandan Singh[20501451],
",1,YES,,
"Hierarchy, Difference, Inequal",SOC120,LEC1,SOC1YR,,TTh,2:00 PM,3:30 PM,30,"Saidalavi  P.C.[20501607],
",3,YES,Major Elective,
"Hierarchy, Difference, Inequal",SOC120,TUT1,SOC1YR,,W,1:00 PM,2:00 PM,30,"Saidalavi  P.C.[20501607],
",1,YES,Major Elective,
Religion and Society,SOC225,LEC1,SOC2YR,,MW,3:00 PM,4:30 PM,30,"Saidalavi  P.C.[20501607],
",3,YES,,
Religion and Society,SOC225,TUT1,SOC2YR,,M,1:00 PM,2:00 PM,30,"Saidalavi  P.C.[20501607],
",1,YES,,
State and Citizenship,SOC226,LEC1,SOC2YR,,TTh,3:30 PM,5:00 PM,30,"Ravi Nandan Singh[20501451],
",3,YES,,
State and Citizenship,SOC226,TUT1,SOC2YR,,W,1:00 PM,2:00 PM,30,"Ravi Nandan Singh[20501451],
",1,YES,,
"Visuality, Power, Optics",SOC228,LEC1,SOC2YR,,TTh,2:00 PM,3:30 PM,30,"Subhashim  Goswami[20500773],
",3,YES,Major Elective,
"Visuality, Power, Optics",SOC228,TUT1,SOC2YR,,M,2:00 PM,3:00 PM,30,"Subhashim  Goswami[20500773],
",1,YES,Major Elective,
Anthropology of Climate Change,SOC305,LEC1,SOC3YR,,TTh,9:30 AM,11:00 AM,30,"Vasundhara  Bhojvaid[20501005],
",3,YES,Major Elective,
Anthropology of Climate Change,SOC305,TUT1,SOC3YR,,F,4:00 PM,5:00 PM,30,"Vasundhara  Bhojvaid[20501005],
",1,YES,Major Elective,
The Life of Law,SOC317,LEC1,SOC3YR,,MW,11:00 AM,12:30 PM,30,"Devika  Bordia[20500658],
",3,YES,Major Elective,
The Life of Law,SOC317,TUT1,SOC3YR,,T,1:00 PM,2:00 PM,30,"Devika  Bordia[20500658],
",1,YES,Major Elective,
From Feminism to Queer Studies,SOC322,LEC1,SOC3YR,,TTh,2:00 PM,3:30 PM,30,"Urmila  Bhirdikar[20500858],
",3,YES,Major Elective,
From Feminism to Queer Studies,SOC322,TUT1,SOC3YR,,F,1:00 PM,2:00 PM,30,"Urmila  Bhirdikar[20500858],
",1,YES,Major Elective,
Field Archive Ethnography,SOC324,LEC1,SOC3YR,,MW,8:00 AM,9:30 AM,30,"Subhashim  Goswami[20500773],
",3,YES,,
Field Archive Ethnography,SOC324,TUT1,SOC3YR,,M,5:00 PM,6:00 PM,30,"Subhashim  Goswami[20500773],
",1,YES,,
Rap Music in Multiple Contexts,SOC326,LEC1,SOC3YR,,MW,3:00 PM,4:00 PM,30,"Urmila  Bhirdikar[20500858],
",2,YES,Major Elective,
Rap Music in Multiple Contexts,SOC326,LEC1,SOC3YR,,M,4:00 PM,5:00 PM,30,"Urmila  Bhirdikar[20500858],
",1,YES,Major Elective,
Rap Music in Multiple Contexts,SOC326,TUT1,SOC3YR,,W,4:00 PM,5:00 PM,30,"Urmila  Bhirdikar[20500858],
",1,YES,Major Elective,
Anthropology and the Village,SOC327,LEC1,SOC3YR,,MW,1:00 PM,2:00 PM,30,"Anita  Sharma[20501003],
",2,YES,Major Elective,
Anthropology and the Village,SOC327,LEC1,SOC3YR,,M,2:00 PM,3:00 PM,30,"Anita  Sharma[20501003],
",1,YES,Major Elective,
Anthropology and the Village,SOC327,TUT1,SOC3YR,,W,2:00 PM,3:00 PM,30,"Anita  Sharma[20501003],
",1,YES,Major Elective,
The Politics of Life and Death,SOC414,LEC1,SOC4YR,,TTh,3:30 PM,4:30 PM,30,"Devika  Bordia[20500658],
",2,YES,Major Elective,
The Politics of Life and Death,SOC414,LEC1,SOC4YR,,T,4:30 PM,5:30 PM,30,"Devika  Bordia[20500658],
",1,YES,Major Elective,
The Politics of Life and Death,SOC414,TUT1,SOC4YR,,Th,4:30 PM,5:30 PM,30,"Devika  Bordia[20500658],
",1,YES,Major Elective,
Sociology of Art,SOC418,LEC1,SOC4YR,,TTh,9:00 AM,10:00 AM,30,Roma Chatterji,2,YES,Major Elective,
Sociology of Art,SOC418,LEC1,SOC4YR,,T,10:00 AM,11:00 AM,30,Roma Chatterji,1,YES,Major Elective,
Sociology of Art,SOC418,TUT1,SOC4YR,,Th,10:00 AM,11:00 AM,30,Roma Chatterji,1,YES,Major Elective,
Business Simulation,STM303,LEC1,BMS3YR,,F,2:00 PM,6:00 PM,60,"Pradeep  Mehra[20501341],
",2,NO,,
Advance Strategic Management,STM403,LEC1,BMS3YR BMS4YR,,W,3:00 PM,5:00 PM,60,"Deepak Kumar Sinha[20501452],
",2,YES,Major Elective,
Advance Strategic Management,STM403,PRAC1,BMS3YR BMS4YR,A207,F,9:00 AM,10:00 AM,60,"Deepak Kumar Sinha[20501452],
",1,YES,Major Elective,
Mngmt Consultancy Practicum,STM405,PRAC1,BMS4YR,A012,S,2:00 PM,5:00 PM,20,"Bikramjit  Rishi[20501490],
",3,NO,Major Elective,